,Scientific Name,Common_Name,Class,State,Level,1950,1951,1952,1953,1954,1955,1956,1957,1958,1959,1960,1961,1962,1963,1964,1965,1966,1967,1968,1969,1970,1971,1972,1973,1974,1975,1976,1977,1978,1979,1980,1981,1982,1983,1984,1985,1986,1987,1988,1989,1990,1991,1992,1993,1994,1995,1996,1997,1998,1999,2000,2001,2002,2003,2004,2005,2006,2007,2008,2009,2010,2011,2012,2013,2014,2015,2016,2017,2018,2019,2020,2021,2022
0,Amytornis barbatus barbatus,Bulloo Grey Grasswren,Aves,New South Wales,EN,,,,,,,,,,,,,,,,,,,,,,,,,,,,,,,,,,,,,,,,,,,,,,,,,,,,,,,,,,,,,,,,,,1.1666666,,3.4999998999999997,2.0,2.1607142,,21.5,
1,Amytornis striatus howei,Murray Mallee Striated Grasswren,Aves,New South Wales,EN,,,,,,,,,,,,,,,,,,,,,,,,,,,,,,,,,,,,,,,,,,,,,,,,,,,,,,,,,,,,,,,1.75,2.333333,,3.5,,,,,,,
2,Antechinus arktos,Black-tailed Antechinus,Mammalia,New South Wales,EN,,,,,,,,,,,,,,,,,,,,,,,,,,,,,,,,,,,,,,,,,,,,,,,,,,,,,,,,,,,,,,,,,,,,,,,,,
3,Antechinus arktos,Black-tailed Antechinus,Mammalia,Queensland,EN,,,,,,,,,,,,,,,,,,,,,,,,,,,,,,,,,,,,,,,,,,,,,,,,,,,,,,,,,,,,,,,,,,,,,,,,,
4,Antechinus bellus,Fawn Antechinus,Mammalia,Northern Territory,VU,,,,,,,,,,,,,,,,,,,,,,,,,,,,,,,,,,,,,,,,,,,,,,1.0,11.0,,,,,35.0,17.0,0.0,0.0,,3.0,,5.0,0.0,,1.0,,8.0,2.0,,2.0,,,,,,
5,Atrichornis rufescens ferrieri,Southern Rufous Scrub-bird,Aves,New South Wales,EN,,,,,,,,,,,,,,,,,,,,,,,,,,,,,,,,,,,,,,,,,,,,,,,,,,,,,,,,,,,,,5.9166667,8.75,10.5,4.5,,,5.9999999,5.000000099999999,8.75,,3.6666663,4.6666667,
6,Atrichornis rufescens rufescens,Northern Rufous Scrub-bird,Aves,New South Wales,EN,,,,,,,,,,,,,,,,,,,,,,,,,,,,,,,,,,,,,,,,,,,,,,,,,,,,,,,,,1.0,0.0,,,12.0,11.0,7.0,15.0,15.5,12.0,2.5,,13.0,7.0,11.0,8.0,
7,Atrichornis rufescens rufescens,Northern Rufous Scrub-bird,Aves,Queensland,EN,,,,,,,,,,,,,,,,,,,,,,,,,,,,,,,,,,,,,,,,,,,,,,,,,,,,,,,,,5.5,3.0,,,0.0,,,3.0,3.5,0.0,6.0,,,,,,
8,Bettongia lesueur lesueur,Burrowing Bettong,Mammalia,Western Australia,VU,,,,,,,,,,,,,,,,,,,,,,,,,,,,,,,,,,,,,,,,,,,,,,,,,,,,,,,,,,,,,,,,,,,482.0,596.0,427.0,704.0,,,554.0
9,Bettongia penicillata ogilbyi,Woylie,Mammalia,Western Australia,EN,,,,,,,,,,,,,,,,,,,,,,,,,,,,,,,,,,,,,,,,,,,,,,,,,,,,,,,,,,,,,,,,,,,106.0,169.0,168.0,156.0,161.0,149.0,
10,Botaurus poiciloptilus,Australasian Bittern,Aves,South Australia,EN,,,,,,,,,,,,,,,,,,,,,,,,,,,,,,,,,,,,,,,,,,,,,,,,,,,,,,,,,,,,,,,,,,,1.25,0.833333333,2.916666667,3.25,,,
11,Burramys parvus,Mountain Pygmy-possum,Mammalia,New South Wales,EN,,,,,,,,,,,,,,,,,,,,,,,,,,,,,,,,,,,,,31.0,120.0,136.0,124.0,104.0,129.0,87.0,136.0,99.0,123.0,125.0,151.0,117.0,97.0,83.0,77.0,115.0,79.0,47.0,69.0,64.0,59.0,54.0,70.0,81.0,152.0,132.0,153.0,182.0,175.0,165.0,198.0,119.0,142.0,,,
12,Calidris acuminata,Sharp-tailed Sandpiper,Aves,Australian Capital Territory,VU,,,,,,,,,,,,,,,,,,,,,,,,,,,,,,,,,,,,,,,,,,,,,,,,,,,,,0.0,2.0,8.0,,,1.0,0.0,1.0,,,,,,,,,,,3.0,,
13,Calidris acuminata,Sharp-tailed Sandpiper,Aves,New South Wales,VU,,,,,,,,,,,,,,,,,,,,,,,,,,,,,,,,,,,,,,,,,,,3.0,55.0,284.0,633.0,229.0,179.0,65.0,186.0,18.0,6.0,576.0,3731.0,387.0,205.0,241.0,726.0,60.0,616.0,307.0,2.0,125.0,477.0,4107.0,1820.0,4224.0,1209.0,2105.0,3462.0,576.0,282.0,102.0
14,Calidris acuminata,Sharp-tailed Sandpiper,Aves,Northern Territory,VU,,,,,,,,,,,,,,,,,,,,,,,,,,,,,,,,,,,,,,,,,,,10.0,,6.0,11.0,8.0,3.0,,,9.0,5.0,0.0,0.0,11.0,5.0,10.0,17.0,0.0,8.0,272.0,0.0,13.0,25.0,199.0,65.0,1163.0,0.0,29.0,13.0,97.0,25.0,32.0
15,Calidris acuminata,Sharp-tailed Sandpiper,Aves,Queensland,VU,,,,,,,,,,,,,,,,,,,,,,,,,,,,,,,,,,,,,,,,,,,361.0,240.0,596.0,1043.0,1531.0,303.0,714.0,659.0,376.0,236.0,976.0,1586.0,1374.0,1357.0,3587.0,1544.0,1364.0,1101.0,1056.0,784.0,2920.0,1168.0,519.0,1556.0,904.0,699.0,1213.0,867.0,1226.0,1958.0,1355.0
16,Calidris acuminata,Sharp-tailed Sandpiper,Aves,South Australia,VU,,,,,,,,,,,,,,,,,,,,,,,,,,,,,,,,,,,,,,,,,,,112.0,1733.0,173.0,2867.0,1245.0,1618.0,303.0,145.0,15153.0,4759.0,20732.0,7868.0,3174.0,16380.0,18097.0,977.0,4055.0,3851.0,22258.0,1276.0,15449.0,6638.0,3204.0,1382.0,5512.0,7965.0,10160.0,33033.0,10437.0,11734.0,7719.0
17,Calidris acuminata,Sharp-tailed Sandpiper,Aves,Tasmania,VU,,,,,,,,,,,,,,,,,,,,,,,,,,,,,,,,,,,,,,,,,,,76.0,11.0,11.0,52.0,26.0,28.0,80.0,63.0,23.0,9.0,2.0,152.0,120.0,22.0,192.0,71.0,139.0,89.0,420.0,36.0,105.0,156.0,63.0,56.0,73.0,31.0,7.0,25.0,39.0,7.0,29.0
18,Calidris acuminata,Sharp-tailed Sandpiper,Aves,Victoria,VU,,,,,,,,,,,,,,,,,,,,,,,,,,,,,,,,,,,,,,,,,,,5396.0,1710.0,7625.0,6389.0,1904.0,3982.0,5022.0,2903.0,6954.0,4595.0,5339.0,6317.0,8193.0,8600.0,15208.0,7551.0,11855.0,3418.0,11128.0,120.0,3385.0,6783.0,5733.0,5179.0,5874.0,3114.0,19834.0,8343.0,13793.0,5532.0,1670.0
19,Calidris acuminata,Sharp-tailed Sandpiper,Aves,Western Australia,VU,,,,,,,,,,,,,,,,,,,,,,,,,,,,,,,,,,,,,,,,,,,205.0,92.0,1754.0,337.0,372.0,469.0,4243.0,1861.0,303.0,109.0,237.0,2367.0,1680.0,3308.0,8374.0,4744.0,2358.0,3725.0,4504.0,2741.0,1394.0,3657.0,7006.0,6635.0,2020.0,1467.0,3159.0,4217.0,4782.0,2579.0,1209.0
20,Calidris canutus,Red Knot,Aves,New South Wales,VU,,,,,,,,,,,,,,,,,,,,,,,,,,,,,,,,,,,,,,,,,,,,,,,,15.0,62.0,45.0,716.0,18.0,44.0,62.0,39.0,58.0,63.0,376.0,33.0,30.0,19.0,18.0,38.0,28.0,19.0,88.0,84.0,49.0,92.0,70.0,69.0,162.0,10.0
21,Calidris canutus,Red Knot,Aves,Northern Territory,VU,,,,,,,,,,,,,,,,,,,,,,,,,,,,,,,,,,,,,,,,,,,,,,,,0.0,,,0.0,,30.0,100.0,158.0,133.0,283.0,124.0,201.0,106.0,208.0,208.0,78.0,170.0,240.0,248.0,882.0,396.0,149.0,395.0,135.0,178.0,86.0
22,Calidris canutus,Red Knot,Aves,Queensland,VU,,,,,,,,,,,,,,,,,,,,,,,,,,,,,,,,,,,,,,,,,,,,,,,,308.0,1349.0,5038.0,261.0,184.0,129.0,444.0,225.0,150.0,442.0,187.0,273.0,338.0,91.0,395.0,454.0,5676.0,182.0,414.0,625.0,43.0,289.0,293.0,75.0,125.0,87.0
23,Calidris canutus,Red Knot,Aves,South Australia,VU,,,,,,,,,,,,,,,,,,,,,,,,,,,,,,,,,,,,,,,,,,,,,,,,,,2.0,9244.0,653.0,39.0,90.0,418.0,11.0,2.0,0.0,3031.0,4019.0,2306.0,1592.0,1750.0,2674.0,2099.0,3490.0,2288.0,1123.0,5165.0,4510.0,1771.0,3483.0,1867.0
24,Calidris canutus,Red Knot,Aves,Tasmania,VU,,,,,,,,,,,,,,,,,,,,,,,,,,,,,,,,,,,,,,,,,,,,,,,,837.0,820.0,806.0,4.0,1021.0,1924.0,8.0,276.0,502.0,1520.0,955.0,1750.0,812.0,782.0,574.0,118.0,167.0,94.0,275.0,274.0,1430.0,188.0,1.0,3.0,0.0,0.0
25,Calidris canutus,Red Knot,Aves,Victoria,VU,,,,,,,,,,,,,,,,,,,,,,,,,,,,,,,,,,,,,,,,,,,,,,,,2094.0,3212.0,1400.0,743.0,2992.0,1642.0,2781.0,2964.0,1598.0,2443.0,1291.0,743.0,129.0,788.0,365.0,340.0,455.0,679.0,543.0,582.0,1623.0,192.0,301.0,933.0,4318.0,343.0
26,Calidris canutus,Red Knot,Aves,Western Australia,VU,,,,,,,,,,,,,,,,,,,,,,,,,,,,,,,,,,,,,,,,,,,,,,,,238.0,4441.0,38041.0,321.0,77.0,29163.0,13272.0,1076.0,12698.0,567.0,4221.0,9820.0,23476.0,12643.0,9909.0,13444.0,27846.0,12647.0,11768.0,19908.0,14931.0,12680.0,92.0,226.0,189.0,9.0
27,Calidris ferruginea,Curlew Sandpiper,Aves,New South Wales,CR,,,,,,,,,,,,,,,,,,,,,,,,,,,,,,,,45.0,67.0,409.0,723.0,463.0,949.0,723.0,377.0,371.0,96.0,1.0,13.0,61.0,73.0,265.0,285.0,156.0,253.0,86.0,443.0,53.0,71.0,230.0,116.0,57.0,115.0,52.0,54.0,33.0,120.0,18.0,23.0,23.0,36.0,56.0,105.0,154.0,49.0,87.0,66.0,50.0,33.0
28,Calidris ferruginea,Curlew Sandpiper,Aves,Northern Territory,CR,,,,,,,,,,,,,,,,,,,,,,,,,,,,,,,,2.0,6.0,23.0,11.0,0.0,1.0,1.0,0.0,1.0,,,0.0,,0.0,0.0,0.0,,,,0.0,0.0,0.0,0.0,3.0,1.0,2.0,5.0,1.0,2.0,2.0,1.0,11.0,0.0,1.0,0.0,871.0,0.0,1.0,12.0,0.0,1.0,0.0
29,Calidris ferruginea,Curlew Sandpiper,Aves,Queensland,CR,,,,,,,,,,,,,,,,,,,,,,,,,,,,,,,,,,,,,,0.0,4.0,3.0,0.0,0.0,1581.0,2681.0,2397.0,1772.0,3141.0,1217.0,1165.0,585.0,1326.0,1000.0,823.0,1142.0,567.0,932.0,772.0,601.0,754.0,898.0,514.0,1578.0,867.0,1077.0,696.0,586.0,622.0,1086.0,831.0,755.0,1154.0,1507.0,1307.0
30,Calidris ferruginea,Curlew Sandpiper,Aves,South Australia,CR,,,,,,,,,,,,,,,,,,,,,,,,,,,,,,,,35215.0,11515.0,8366.0,5373.0,1738.0,3021.0,26797.0,284.0,2292.0,3379.0,437.0,351.0,131.0,193.0,2203.0,1705.0,693.0,158.0,191.0,8703.0,3501.0,9915.0,14238.0,1196.0,3583.0,925.0,786.0,2143.0,1861.0,1952.0,1195.0,1257.0,877.0,500.0,2290.0,896.0,3221.0,2816.0,1571.0,501.0,958.0,894.0
31,Calidris ferruginea,Curlew Sandpiper,Aves,Tasmania,CR,,,,,,,,,,,,,,,,,,,,,,,,,,,,,,,,1045.0,1185.0,3793.0,692.0,434.0,778.0,819.0,3279.0,2096.0,2713.0,2128.0,727.0,1643.0,3018.0,3691.0,1172.0,2710.0,2797.0,664.0,170.0,830.0,528.0,87.0,2248.0,1102.0,2592.0,933.0,968.0,110.0,354.0,109.0,170.0,184.0,115.0,159.0,64.0,399.0,269.0,14.0,60.0,0.0,0.0
32,Calidris ferruginea,Curlew Sandpiper,Aves,Victoria,CR,,,,,,,,,,,,,,,,,,,,,,,,,,,,,,,,27382.0,16735.0,32040.0,24321.0,18812.0,17333.0,18721.0,10914.0,11890.0,11447.0,9967.0,22043.0,9772.0,17123.0,13083.0,9203.0,7791.0,11370.0,10074.0,11088.0,9316.0,5298.0,4443.0,6622.0,3184.0,10114.0,7059.0,3827.0,3246.0,2526.0,3327.0,1500.0,3558.0,3699.0,3857.0,3398.0,4137.0,6360.0,3416.0,3229.0,3048.0,1263.0
33,Calidris ferruginea,Curlew Sandpiper,Aves,Western Australia,CR,,,,,,,,,,,,,,,,,,,,,,,,,,,,,,,,191.0,232.0,829.0,698.0,1262.0,240.0,223.0,0.0,869.0,0.0,227.0,52.0,187.0,2352.0,1143.0,5602.0,1731.0,3838.0,4150.0,20269.0,771.0,9387.0,19848.0,15504.0,51590.0,2502.0,59077.0,4675.0,3751.0,3453.0,4088.0,2698.0,3858.0,5303.0,4982.0,3082.0,7034.0,6614.0,1680.0,777.0,2029.0,61.0
34,Calidris tenuirostris,Great Knot,Aves,New South Wales,VU,,,,,,,,,,,,,,,,,,,,,,,,,,,,,,,,,,,,,,,,,,,,,,,,219.0,38.0,303.0,15.0,427.0,283.0,317.0,13.0,99.0,11.0,0.0,6.0,132.0,24.0,5.0,9.0,12.0,25.0,30.0,132.0,66.0,78.0,13.0,21.0,22.0,12.0
35,Calidris tenuirostris,Great Knot,Aves,Northern Territory,VU,,,,,,,,,,,,,,,,,,,,,,,,,,,,,,,,,,,,,,,,,,,,,,,,61.0,,,0.0,0.0,0.0,1034.0,2000.0,585.0,3985.0,751.0,1101.0,2436.0,1897.0,2291.0,1620.0,1617.0,3412.0,2878.0,6168.0,3102.0,1593.0,4286.0,1620.0,3099.0,1143.0
36,Calidris tenuirostris,Great Knot,Aves,Queensland,VU,,,,,,,,,,,,,,,,,,,,,,,,,,,,,,,,,,,,,,,,,,,,,,,,4497.0,10998.0,19452.0,3142.0,2274.0,6699.0,8948.0,6141.0,3122.0,5779.0,2133.0,11466.0,8688.0,10956.0,11845.0,10588.0,16382.0,2638.0,4538.0,3839.0,951.0,7709.0,480.0,6577.0,2193.0,2601.0
37,Calidris tenuirostris,Great Knot,Aves,South Australia,VU,,,,,,,,,,,,,,,,,,,,,,,,,,,,,,,,,,,,,,,,,,,,,,,,,,0.0,223.0,453.0,4.0,30.0,51.0,0.0,167.0,2.0,406.0,1173.0,202.0,1524.0,361.0,609.0,137.0,578.0,458.0,168.0,101.0,213.0,66.0,404.0,192.0
38,Calidris tenuirostris,Great Knot,Aves,Tasmania,VU,,,,,,,,,,,,,,,,,,,,,,,,,,,,,,,,,,,,,,,,,,,,,,,,0.0,10.0,25.0,0.0,5.0,6.0,1.0,26.0,4.0,1.0,38.0,1.0,2.0,13.0,1.0,9.0,5.0,2.0,6.0,35.0,5.0,13.0,1.0,0.0,0.0,0.0
39,Calidris tenuirostris,Great Knot,Aves,Victoria,VU,,,,,,,,,,,,,,,,,,,,,,,,,,,,,,,,,,,,,,,,,,,,,,,,225.0,360.0,113.0,150.0,182.0,300.0,486.0,217.0,215.0,127.0,120.0,62.0,55.0,15.0,62.0,52.0,267.0,2.0,10.0,109.0,1.0,21.0,0.0,16.0,177.0,1.0
40,Calidris tenuirostris,Great Knot,Aves,Western Australia,VU,,,,,,,,,,,,,,,,,,,,,,,,,,,,,,,,,,,,,,,,,,,,,,,,14086.0,23989.0,184542.0,8420.0,126.0,150437.0,101971.0,19519.0,84320.0,35519.0,82529.0,66705.0,116120.0,57127.0,73757.0,66311.0,108257.0,65307.0,56667.0,90230.0,91608.0,72404.0,1929.0,1124.0,1622.0,407.0
41,Calyptorhynchus banksii naso,Forest Red-tailed Black-Cockatoo,Aves,Western Australia,VU,,,,,,,,,,,,,,,,,,,,,,,,,,,,,,,,,,,,,,,,,,,,,,,,,,,,,,,,,,,,,,,,,896.0,446.0,1992.0,2986.0,5481.0,5926.0,,5735.0,
42,Calyptorhynchus lathami halmaturinus,Kangaroo Island Glossy Black-Cockatoo,Aves,South Australia,EN,,,,,,,,,,,,,,,,,,,,,,,,,,,,,,,,,,,,,,,,,,,,,,,188.0,204.0,256.0,228.0,229.0,249.0,251.0,280.0,278.0,240.0,293.0,315.0,333.0,,262.0,315.0,265.0,305.0,353.0,264.0,367.0,,,,454.0,377.0,428.0
43,Chalinolobus dwyeri,Large Pied Bat,Mammalia,New South Wales,EN,,,,,,,,,,,,,,,,,,,,,,,,,,,,,,,,,,,,,,,,,,,,,,,,,,,,17.0,20.0,,40.0,,,25.0,56.0,45.0,,,,10.0,,,,,,0.0,,,
44,Charadrius leschenaultii,Greater Sand Plover,Aves,New South Wales,VU,,,,,,,,,,,,,,,,,,,,,,,,,,,,,,,,,,,,,,,,,,,,,,49.0,39.0,89.0,117.0,96.0,6.0,74.0,58.0,27.0,14.0,87.0,7.0,0.0,14.0,5.0,13.0,4.0,2.0,3.0,4.0,4.0,2.0,5.0,2.0,,,,
45,Charadrius leschenaultii,Greater Sand Plover,Aves,Northern Territory,VU,,,,,,,,,,,,,,,,,,,,,,,,,,,,,,,,,,,,,,,,,,,,,,50.0,0.0,0.0,,,0.0,0.0,0.0,390.0,574.0,163.0,519.0,565.0,245.0,373.0,675.0,395.0,433.0,387.0,537.0,505.0,741.0,358.0,571.0,,,,
46,Charadrius leschenaultii,Greater Sand Plover,Aves,Queensland,VU,,,,,,,,,,,,,,,,,,,,,,,,,,,,,,,,,,,,,,,,,,,,,,582.0,823.0,1287.0,1851.0,708.0,239.0,234.0,406.0,785.0,1413.0,1186.0,2243.0,1036.0,2934.0,1348.0,1127.0,1821.0,3086.0,3835.0,397.0,1354.0,3677.0,132.0,2277.0,,,,
47,Charadrius leschenaultii,Greater Sand Plover,Aves,South Australia,VU,,,,,,,,,,,,,,,,,,,,,,,,,,,,,,,,,,,,,,,,,,,,,,1.0,0.0,,,2.0,11.0,0.0,,0.0,0.0,0.0,0.0,3.0,22.0,19.0,25.0,21.0,5.0,4.0,25.0,16.0,12.0,0.0,4.0,,,,
48,Charadrius leschenaultii,Greater Sand Plover,Aves,Tasmania,VU,,,,,,,,,,,,,,,,,,,,,,,,,,,,,,,,,,,,,,,,,,,,,,0.0,0.0,0.0,0.0,0.0,,0.0,0.0,0.0,0.0,1.0,0.0,0.0,0.0,0.0,0.0,0.0,1.0,0.0,0.0,0.0,0.0,0.0,0.0,,,,
49,Charadrius leschenaultii,Greater Sand Plover,Aves,Victoria,VU,,,,,,,,,,,,,,,,,,,,,,,,,,,,,,,,,,,,,,,,,,,,,,48.0,5.0,59.0,12.0,10.0,0.0,4.0,10.0,1.0,1.0,2.0,0.0,6.0,6.0,4.0,3.0,6.0,6.0,30.0,12.0,2.0,3.0,0.0,0.0,,,,
50,Charadrius leschenaultii,Greater Sand Plover,Aves,Western Australia,VU,,,,,,,,,,,,,,,,,,,,,,,,,,,,,,,,,,,,,,,,,,,,,,1895.0,9826.0,2722.0,3978.0,70718.0,4860.0,6.0,63346.0,22959.0,10205.0,39738.0,15383.0,33334.0,28157.0,22475.0,26291.0,30738.0,28379.0,35079.0,32226.0,25765.0,33537.0,38836.0,40528.0,,,,
51,Charadrius mongolus,Lesser Sand Plover,Aves,New South Wales,EN,,,,,,,,,,,,,,,,,,,,,,,,,,,,,,,,40.0,119.0,563.0,84.0,772.0,150.0,325.0,22.0,44.0,36.0,44.0,162.0,11.0,75.0,97.0,24.0,81.0,15.0,103.0,80.0,42.0,70.0,24.0,20.0,76.0,52.0,28.0,24.0,4.0,11.0,5.0,9.0,21.0,1.0,5.0,1.0,1.0,1.0,1.0,6.0,1.0,0.0
52,Charadrius mongolus,Lesser Sand Plover,Aves,Northern Territory,EN,,,,,,,,,,,,,,,,,,,,,,,,,,,,,,,,80.0,138.0,1245.0,408.0,243.0,126.0,47.0,0.0,46.0,,,25.0,,0.0,5.0,0.0,0.0,,,0.0,0.0,0.0,6.0,6.0,44.0,3.0,10.0,13.0,55.0,45.0,23.0,20.0,9.0,90.0,45.0,4027.0,42.0,474.0,668.0,36.0,217.0,18.0
53,Charadrius mongolus,Lesser Sand Plover,Aves,Queensland,EN,,,,,,,,,,,,,,,,,,,,,,,,,,,,,,,,8.0,75.0,38.0,31.0,14.0,,,,,,,1190.0,1272.0,1153.0,2245.0,6003.0,2119.0,1445.0,1640.0,1339.0,1636.0,1311.0,3834.0,2542.0,3731.0,3902.0,1891.0,2511.0,1888.0,2015.0,3438.0,3540.0,1873.0,1321.0,2823.0,1443.0,829.0,3348.0,602.0,2301.0,966.0,803.0
54,Charadrius mongolus,Lesser Sand Plover,Aves,South Australia,EN,,,,,,,,,,,,,,,,,,,,,,,,,,,,,,,,8.0,7.0,11.0,51.0,3.0,2.0,2.0,6.0,3.0,10.0,0.0,0.0,0.0,0.0,0.0,9.0,0.0,0.0,4.0,19.0,2.0,3.0,15.0,0.0,0.0,0.0,0.0,0.0,10.0,3.0,9.0,4.0,6.0,6.0,13.0,14.0,3.0,2.0,10.0,0.0,3.0,4.0
55,Charadrius mongolus,Lesser Sand Plover,Aves,Tasmania,EN,,,,,,,,,,,,,,,,,,,,,,,,,,,,,,,,4.0,1.0,4.0,1.0,8.0,1.0,2.0,1.0,15.0,5.0,0.0,4.0,2.0,4.0,10.0,6.0,8.0,28.0,13.0,1.0,4.0,6.0,2.0,2.0,1.0,2.0,1.0,1.0,0.0,3.0,1.0,0.0,0.0,0.0,1.0,2.0,0.0,4.0,1.0,1.0,0.0,0.0
56,Charadrius mongolus,Lesser Sand Plover,Aves,Victoria,EN,,,,,,,,,,,,,,,,,,,,,,,,,,,,,,,,266.0,227.0,39.0,72.0,55.0,109.0,59.0,69.0,41.0,79.0,67.0,264.0,152.0,126.0,97.0,66.0,148.0,47.0,57.0,11.0,7.0,1.0,2.0,5.0,1.0,57.0,1.0,19.0,12.0,11.0,6.0,0.0,3.0,5.0,0.0,2.0,1.0,0.0,9.0,3.0,39.0,0.0
57,Charadrius mongolus,Lesser Sand Plover,Aves,Western Australia,EN,,,,,,,,,,,,,,,,,,,,,,,,,,,,,,,,0.0,0.0,0.0,1.0,7.0,1.0,0.0,0.0,0.0,,,,3.0,12.0,29.0,761.0,61.0,24.0,236.0,21.0,2.0,10.0,7.0,38.0,159.0,216.0,41.0,72.0,259.0,145.0,29.0,39.0,230.0,993.0,903.0,195.0,552.0,1031.0,2308.0,153.0,1814.0,15.0
58,Chloebia gouldiae,Gouldian Finch,Aves,Northern Territory,EN,,,,,,,,,,,,,,,,,,,,,,,,,,,,,,,,,,,,,,,,,,,,,,,284.4,262.5,218.65,100.0,91.833333,140.5,125.5,339.16667,388.5000073,41.0000007,111.916663,405.0833033,241.3333,179.250003,,,0.0,14.999999599999999,,,,,,,,,
59,Chloebia gouldiae,Gouldian Finch,Aves,Western Australia,EN,,,,,,,,,,,,,,,,,,,,,,,,,,,,,,,,,,,,,,,,,,,,,,,,,,,,,,,,,,,,,147.61666697,64.830556,137.2733839,225.85987500000002,,,,,270.7714271,121.125,,,
60,Climacteris picumnus victoriae,South-eastern Brown Treecreeper,Aves,New South Wales,VU,,,,,,,,,,,,,,,,,,,,,,,,,,,,,,,,,,,,,,,,,,,,,,,,,19.4539679,29.2666671,20.2345242,15.6031748,,22.4692276,,26.325793,,39.7405475,,43.9641772,,41.1820341,26.5769837,31.9224656,27.3607139,24.1131316,,,,,,,
61,Conilurus penicillatus,Brush-tailed Rabbit-rat,Mammalia,Northern Territory,VU,,,,,,,,,,,,,,,,,,,,,,,,,,,,,,,,,,,,,,,,,,,,,,,0.0,,,,,0.0,,,47.0,18.0,,18.0,1.0,22.0,,5.0,,0.0,8.0,,,,,,,,
62,Conilurus penicillatus melibius,Brush-tailed Rabbit-rat,Mammalia,Northern Territory,VU,,,,,,,,,,,,,,,,,,,,,,,,,,,,,,,,,,,,,,,,,,,,,,,,,,,31.0,,,,,,,,,,,,,,,11.0,,,,,,2.0,
63,Dasyurus hallucatus,Digul,Mammalia,Northern Territory,EN,,,,,,,,,,,,,,,,,,,,,,,,,,,,,,,,,,,,,,,,,,,,,,8.0,38.0,,,,,43.0,40.0,5.0,,,0.0,,1.0,,8.0,11.0,2.0,15.0,8.0,9.0,6.0,,,,,,
64,Dasyurus hallucatus,Digul,Mammalia,Queensland,EN,,,,,,,,,,,,,,,,,,,,,,,,,,,,,,,,,,,,,,,,,,,,,,,,,,,,,,,,,,,,1.0,,,,0.0,,,2.0,,,,,,
65,Epthianura crocea macgregori,Capricorn Yellow Chat,Aves,Queensland,CR,,,,,,,,,,,,,,,,,,,,,,,,,,,,,,,,,,,,,,,,,,,,,,,,,,,,,,,,,,,265.0,385.0,39.0,55.0,454.0,211.0,24.0,222.0,34.0,0.0,49.0,175.0,36.0,169.0,73.0
66,Epthianura crocea tunneyi,Alligator Rivers Yellow Chat,Aves,Northern Territory,EN,,,,,,,,,,,,,,,,,,,,,,,,,,,,,,,,,,,,,,,,,,,,,,,,,,,,,,,,,,,,,,,,,,,,65.0,25.0,,,,
67,Gymnobelideus leadbeateri,Leadbeater's Possum,Mammalia,Victoria,CR,,,,,,,,,,,,,,,,,,,,,,,,,,,,,,,,,,,,,,,,,,,,,,,,,,,,78.0,70.0,77.0,56.0,76.0,64.0,58.0,49.0,40.0,43.0,45.0,45.0,17.0,24.0,35.0,33.0,27.0,24.0,29.0,24.0,,
68,Isoodon obesulus obesulus,Southern Brown Bandicoot,Mammalia,South Australia,EN,,,,,,,,,,,,,,,,,,,,,,,,,,,,,,,,,,,,,,,,,,,,,,,,,,,,,1.0,,1.0,,,,,,,,,,,,,,,,110.0,39.0,72.0
69,Isoodon obesulus obesulus,Southern Brown Bandicoot,Mammalia,Victoria,EN,,,,,,,,,,,,,,,,,,,,,,,,,,,,,,,,,,,,1.0,,1.0,2.0,,,,1.5,,3.0,,1.0,6.0,1.0,2.0,13.0,26.833333333,26.333333333,3.0,11.0,9.0,10.0,6.0,3.0,1.0,4.0,10.0,13.0,,2.0,2.0,2.0,2.0,8.0,14.0,,,
70,Lagorchestes hirsutus subsp,Mala,Mammalia,Western Australia,EN,,,,,,,,,,,,,,,,,,,,,,,,,,,,,,,,,,,,,,,,,,,,,,,,,,,,,,,,,,,,,,,,,350.0,,838.0,1227.0,,320.0,110.0,64.0,1274.0
71,Lichenostomus melanops cassidix,Helmeted Honeyeater,Aves,Victoria,CR,,,,,,,,,,,,,,,,,,,,,,,,,,,,,,,,,,,,,,,,,70.0,66.0,75.0,85.0,99.0,100.0,105.0,95.0,103.0,95.0,90.0,98.0,101.0,101.0,90.0,85.0,84.0,94.0,88.0,100.0,101.0,75.0,104.0,64.0,103.0,132.0,199.0,197.0,185.0,208.0,233.0,212.0,175.0
72,Limosa lapponica baueri,Alaskan Bar-tailed Godwit,Aves,New South Wales,EN,,,,,,,,,,,,,,,,,,,,,,,,,,,,,,,,,,,,2424.0,1316.0,2494.0,2357.0,1433.0,1783.0,748.0,1174.0,1056.0,1884.0,1622.0,320.0,2233.0,1043.0,1321.0,1286.0,1769.0,2051.0,2115.0,1818.0,2199.0,1656.0,1627.0,2083.0,2310.0,2069.0,1457.0,1966.0,1589.0,1379.0,1253.0,1845.0,1772.0,1206.0,1151.0,1749.0,894.0,1086.0
73,Limosa lapponica baueri,Alaskan Bar-tailed Godwit,Aves,Northern Territory,EN,,,,,,,,,,,,,,,,,,,,,,,,,,,,,,,,,,,,,,,,,,,,,600.0,,562.0,82.0,,,,,,,,,,102.0,,,,100.0,53.0,192.0,,,,,,,,,
74,Limosa lapponica baueri,Alaskan Bar-tailed Godwit,Aves,Queensland,EN,,,,,,,,,,,,,,,,,,,,,,,,,,,,,,,,,,,,144.0,0.0,2.0,44.0,644.0,380.0,33.0,7118.0,11523.0,11471.0,19772.0,13847.0,12919.0,18547.0,11705.0,5659.0,19200.0,11865.0,8478.0,6993.0,12781.0,8856.0,11108.0,9862.0,10178.0,15713.0,18112.0,20121.0,13959.0,15036.0,14124.0,11834.0,8773.0,13189.0,7249.0,12966.0,9498.0,6503.0
75,Limosa lapponica baueri,Alaskan Bar-tailed Godwit,Aves,South Australia,EN,,,,,,,,,,,,,,,,,,,,,,,,,,,,,,,,,,,,0.0,0.0,10.0,12.0,0.0,2.0,0.0,2.0,0.0,10.0,0.0,0.0,5.0,2.0,4.0,4.0,5.0,2.0,20.0,10.0,29.0,116.0,17.0,30.0,54.0,61.0,46.0,22.0,99.0,6.0,75.0,133.0,21.0,19.0,21.0,23.0,1.0,4.0
76,Limosa lapponica baueri,Alaskan Bar-tailed Godwit,Aves,Tasmania,EN,,,,,,,,,,,,,,,,,,,,,,,,,,,,,,,,,,,,57.0,119.0,113.0,117.0,175.0,147.0,240.0,121.0,62.0,28.0,330.0,447.0,94.0,141.0,543.0,23.0,78.0,338.0,62.0,253.0,507.0,630.0,283.0,471.0,382.0,350.0,406.0,317.0,107.0,133.0,79.0,266.0,230.0,146.0,30.0,60.0,76.0,44.0
77,Limosa lapponica baueri,Alaskan Bar-tailed Godwit,Aves,Victoria,EN,,,,,,,,,,,,,,,,,,,,,,,,,,,,,,,,,,,,7813.0,11195.0,13454.0,12300.0,13665.0,12894.0,12034.0,12158.0,9744.0,10190.0,12641.0,13197.0,9370.0,12038.0,12390.0,9802.0,9367.0,7571.0,8196.0,11026.0,7673.0,12212.0,20066.0,10672.0,10710.0,12110.0,11827.0,9155.0,8340.0,8266.0,6387.0,6731.0,5610.0,9989.0,4565.0,10654.0,16816.0,8833.0
78,Limosa lapponica menzbieri,Yakutian Bar-tailed Godwit,Aves,Northern Territory,EN,,,,,,,,,,,,,,,,,,,,,,,,,,,,,,,,,,,,815.0,31.0,2002.0,17.0,187.0,,,50.0,,400.0,0.0,50.0,,,,0.0,,10.0,79.0,82.0,52.0,169.0,44.0,72.0,72.0,70.0,48.0,54.0,28.0,66.0,32.0,1518.0,28.0,48.0,971.0,176.0,489.0,25.0
79,Limosa lapponica menzbieri,Yakutian Bar-tailed Godwit,Aves,South Australia,EN,,,,,,,,,,,,,,,,,,,,,,,,,,,,,,,,,,,,155.0,70.0,632.0,66.0,620.0,891.0,67.0,,,,283.0,846.0,,,4.0,1291.0,253.0,2.0,320.0,71.0,0.0,0.0,0.0,1110.0,1141.0,558.0,548.0,159.0,697.0,357.0,717.0,357.0,173.0,302.0,315.0,347.0,316.0,204.0
80,Limosa lapponica menzbieri,Yakutian Bar-tailed Godwit,Aves,Western Australia,EN,,,,,,,,,,,,,,,,,,,,,,,,,,,,,,,,,,,,523.0,48.0,5.0,28.0,2.0,0.0,0.0,0.0,8871.0,28085.0,11220.0,44583.0,10204.0,12618.0,133608.0,7285.0,188.0,82623.0,41715.0,21832.0,63649.0,20940.0,90620.0,57427.0,47670.0,30564.0,47861.0,36060.0,50764.0,45186.0,49011.0,47234.0,56636.0,43804.0,2862.0,1895.0,1928.0,527.0
81,Limosa limosa,Black-tailed Godwit,Aves,New South Wales,EN,,,,,,,,,,,,,,,,,,,,,,,,,,,,,,,,0.0,0.0,6.0,4.0,88.0,7.0,21.0,10.0,95.0,0.0,231.0,0.0,258.0,200.0,62.0,30.0,462.0,42.0,152.0,60.0,370.0,153.0,241.0,58.0,0.0,7.0,1.0,57.0,51.0,37.0,51.0,24.0,59.0,17.0,127.0,82.0,130.0,84.0,34.0,126.0,38.0,24.0
82,Limosa limosa,Black-tailed Godwit,Aves,Northern Territory,EN,,,,,,,,,,,,,,,,,,,,,,,,,,,,,,,,12.0,0.0,701.0,22.0,153.0,188.0,2000.0,0.0,0.0,,,0.0,,640.0,0.0,20.0,0.0,,,0.0,0.0,0.0,0.0,140.0,219.0,825.0,129.0,173.0,201.0,95.0,65.0,58.0,44.0,39.0,163.0,737.0,234.0,52.0,185.0,245.0,305.0,85.0
83,Limosa limosa,Black-tailed Godwit,Aves,Queensland,EN,,,,,,,,,,,,,,,,,,,,,,,,,,,,,,,,20.0,242.0,1.0,0.0,0.0,,1.0,4.0,2.0,2.0,2.0,302.0,285.0,114.0,808.0,472.0,2257.0,9318.0,5189.0,1056.0,1223.0,715.0,351.0,328.0,219.0,241.0,327.0,191.0,181.0,318.0,1188.0,730.0,4539.0,200.0,245.0,173.0,250.0,183.0,235.0,103.0,135.0,148.0
84,Limosa limosa,Black-tailed Godwit,Aves,South Australia,EN,,,,,,,,,,,,,,,,,,,,,,,,,,,,,,,,145.0,187.0,7.0,121.0,0.0,0.0,115.0,0.0,6.0,0.0,0.0,0.0,0.0,0.0,1.0,0.0,0.0,0.0,0.0,116.0,59.0,0.0,21.0,44.0,0.0,4.0,16.0,0.0,17.0,36.0,9.0,11.0,5.0,28.0,80.0,16.0,9.0,2.0,15.0,12.0,7.0,5.0
85,Limosa limosa,Black-tailed Godwit,Aves,Tasmania,EN,,,,,,,,,,,,,,,,,,,,,,,,,,,,,,,,50.0,0.0,0.0,0.0,0.0,0.0,0.0,0.0,0.0,0.0,0.0,0.0,0.0,0.0,0.0,0.0,0.0,0.0,0.0,0.0,0.0,0.0,0.0,0.0,0.0,0.0,0.0,1.0,0.0,0.0,0.0,0.0,0.0,18.0,0.0,0.0,0.0,1.0,3.0,0.0,0.0,0.0
86,Limosa limosa,Black-tailed Godwit,Aves,Victoria,EN,,,,,,,,,,,,,,,,,,,,,,,,,,,,,,,,51.0,46.0,57.0,26.0,4.0,156.0,40.0,5.0,2.0,11.0,1.0,2.0,3.0,5.0,0.0,21.0,14.0,16.0,0.0,0.0,0.0,8.0,14.0,193.0,9.0,11.0,13.0,4.0,20.0,2.0,0.0,0.0,0.0,3.0,3.0,9.0,2.0,0.0,2.0,3.0,0.0,2.0
87,Limosa limosa,Black-tailed Godwit,Aves,Western Australia,EN,,,,,,,,,,,,,,,,,,,,,,,,,,,,,,,,0.0,2.0,2.0,0.0,200.0,0.0,2.0,0.0,16.0,8.0,0.0,4.0,0.0,28.0,0.0,26.0,28.0,1066.0,57.0,18.0,12.0,282.0,3.0,63.0,9.0,6.0,24.0,16.0,247.0,210.0,235.0,2281.0,52.0,1006.0,162.0,325.0,1855.0,556.0,4.0,8.0,12.0,22.0
88,Macronectes giganteus,Southern Giant-Petrel,Aves,Commonwealth,EN,,,,,,,,,,,,,,,,,,17.0,,,,,,,,,,,,,,5.0,,,,,,,,,,,,,,,,,,,,,,,,,,6.0,,,,,,,,,,,,,,,
89,Malurus coronatus coronatus,Western Purple-crowned Fairy-wren,Aves,Western Australia,EN,,,,,,,,,,,,,,,,,,,,,,,,,,,,,,,,,,,,,,,,,,,,,,,,,,,,,,,,125.0,168.0,183.05,192.02,171.18,164.07,172.0,207.69,211.38,250.35,264.04,254.78,319.55,288.68,176.9,157.84,,
90,Mesembriomys gouldii gouldii,Black-footed Tree-rat,Mammalia,Northern Territory,EN,,,,,,,,,,,,,,,,,,,,,,,,,,,,,,,,,,,,,,,,,,,,,,3.0,10.0,,,,,5.0,1.0,,,0.0,2.0,,0.0,,,0.0,,2.0,,2.0,0.0,,,,,,
91,Mesembriomys gouldii melvillensis,Black-footed Tree-rat,Mammalia,Northern Territory,VU,,,,,,,,,,,,,,,,,,,,,,,,,,,,,,,,,,,,,,,,,,,,,,,,,,,41.0,,,,,,,,,,,,,,,29.0,,,,,,26.0,
92,Mirounga leonina,Southern Elephant Seal,Mammalia,Tasmania,VU,,,,,,,,,,,,,,,,,,,,,,,,,,,,,,,,,,,,,,,15264.0,14501.0,13336.0,,13174.0,12936.0,12366.0,12743.0,11841.0,12955.0,11575.0,,11913.0,12478.0,12223.0,12633.0,12293.0,11854.5,11767.75,10773.0,11155.0,10050.0,10547.0,9952.0,10283.0,11042.0,9090.0,9367.0,9439.0,8728.0,9807.0,8893.0,,9863.0,
93,Neophema chrysogaster,Orange-bellied Parrot,Aves,South Australia,CR,,,,,,,,,,,,,,,,,,,,,,,,,,,,,,,,,,,,,,18.0,18.0,28.0,19.0,17.0,7.0,2.0,5.0,2.0,0.0,2.0,0.0,4.0,7.0,6.0,3.0,0.0,2.0,9.0,2.0,1.0,1.0,0.0,2.0,2.0,1.0,0.0,0.0,0.0,0.0,0.0,0.0,0.0,,,
94,Neophema chrysogaster,Orange-bellied Parrot,Aves,Victoria,CR,,,,,,,,,,,,,,,,,,,,,,,,,,,,,,,,,,,,,,139.0,142.0,128.0,102.0,134.0,108.0,96.0,75.0,95.0,83.0,54.0,58.0,93.0,58.0,43.0,30.0,30.0,24.0,57.0,41.0,34.0,27.0,15.0,6.0,14.0,5.0,10.0,11.0,4.0,11.0,0.0,5.0,0.0,,,
95,Numenius madagascariensis,Far Eastern Curlew,Aves,New South Wales,CR,,,,,,,,,,,,,,,,,,,,,,,,,,,,,,,,,,,,,,,,,,,,237.0,537.0,675.0,490.0,782.0,153.0,458.0,255.0,425.0,742.0,712.0,933.0,598.0,463.0,584.0,662.0,804.0,653.0,503.0,679.0,901.0,579.0,585.0,526.0,533.0,466.0,566.0,521.0,341.0,392.0
96,Numenius madagascariensis,Far Eastern Curlew,Aves,Northern Territory,CR,,,,,,,,,,,,,,,,,,,,,,,,,,,,,,,,,,,,,,,,,,,,,150.0,10.0,77.0,48.0,,,0.0,0.0,0.0,1.0,2.0,4.0,41.0,37.0,0.0,14.0,12.0,31.0,27.0,96.0,9.0,13.0,403.0,15.0,316.0,11.0,42.0,128.0,43.0
97,Numenius madagascariensis,Far Eastern Curlew,Aves,Queensland,CR,,,,,,,,,,,,,,,,,,,,,,,,,,,,,,,,,,,,,,,,,,,,2791.0,2232.0,4635.0,3303.0,2698.0,6268.0,2597.0,2003.0,3000.0,3138.0,2765.0,2318.0,2924.0,2540.0,1644.0,2236.0,2760.0,3127.0,3577.0,5045.0,2967.0,2427.0,2501.0,2028.0,1108.0,1756.0,1032.0,1822.0,1979.0,1450.0
98,Numenius madagascariensis,Far Eastern Curlew,Aves,South Australia,CR,,,,,,,,,,,,,,,,,,,,,,,,,,,,,,,,,,,,,,,,,,,,2.0,2.0,12.0,21.0,1.0,3.0,6.0,125.0,27.0,3.0,17.0,14.0,9.0,13.0,11.0,37.0,77.0,38.0,52.0,41.0,59.0,41.0,33.0,130.0,57.0,45.0,49.0,38.0,45.0,28.0
99,Numenius madagascariensis,Far Eastern Curlew,Aves,Tasmania,CR,,,,,,,,,,,,,,,,,,,,,,,,,,,,,,,,,,,,,,,,,,,,407.0,400.0,304.0,147.0,243.0,293.0,254.0,42.0,157.0,259.0,181.0,231.0,219.0,250.0,173.0,124.0,150.0,167.0,60.0,62.0,102.0,55.0,186.0,107.0,22.0,49.0,8.0,21.0,17.0,11.0
100,Numenius madagascariensis,Far Eastern Curlew,Aves,Victoria,CR,,,,,,,,,,,,,,,,,,,,,,,,,,,,,,,,,,,,,,,,,,,,1934.0,2023.0,3420.0,2876.0,2048.0,3173.0,2690.0,2013.0,3293.0,1580.0,2030.0,1608.0,1386.0,1663.0,1632.0,1686.0,1947.0,1160.0,1192.0,778.0,962.0,778.0,896.0,1062.0,742.0,1137.0,835.0,449.0,625.0,584.0
101,Numenius madagascariensis,Far Eastern Curlew,Aves,Western Australia,CR,,,,,,,,,,,,,,,,,,,,,,,,,,,,,,,,,,,,,,,,,,,,36.0,43.0,48.0,61.0,28.0,295.0,951.0,64.0,1.0,496.0,363.0,60.0,581.0,295.0,672.0,432.0,666.0,578.0,693.0,703.0,640.0,748.0,833.0,1144.0,1139.0,1525.0,243.0,83.0,213.0,38.0
102,Onychogalea fraenata,Bridled Nailtail Wallaby,Mammalia,New South Wales,EN,,,,,,,,,,,,,,,,,,,,,,,,,,,,,,,,,,,,,,,,,,,,,,,,,,,,18.0,66.0,108.0,,,,,382.5,272.6666667,468.0,483.3333333,890.0,873.0,,898.0,,,,,,,
103,Petauroides volans,Southern Greater Glider,Mammalia,Australian Capital Territory,EN,,,,,,,,,,,,,,,,,,,,,,,,,,,,,,,,,,,,,,,,,,,,,,,,,,,,,,,,,,,,,,,,,,,,,,7.083333333000001,18.5,14.0,18.25
104,Petauroides volans,Southern Greater Glider,Mammalia,Victoria,EN,,,,,,,,,,,,,,,,,1.0,29.5,13.0,27.0,3.5,9.0,29.0,1.0,4.0,93.0,13.0,13.0,2.0,6.0,,10.0,17.0,16.0,37.5,34.0,147.0,45.0,30.0,55.5,60.0,90.0,63.0,220.0,231.5,153.33333333299998,124.0,59.0,21.0,97.0,107.0,153.12857143,117.33333334,62.0,39.5,20.5,8.0,18.0,11.5,2.0,33.0,36.5,15.0,41.0,5.0,46.875,82.0,157.5,210.1,30.5,,,
105,Petrogale lateralis lateralis,Black-flanked Rock-wallaby,Mammalia,Western Australia,EN,,,,,,,,,,,,,,,,,,,,,,,,,,,,,,,,,,,,,,,,,,,,,,,,,,,,,,,,,,,,,,,,11.0,8.0,9.0,12.0,12.0,6.0,6.0,8.0,,3.0
106,Petrogale sharmani,Sharman's Rock-wallaby,Mammalia,Queensland,VU,,,,,,,,,,,,,,,,,,,,,,,,,,,,,,,,,,,,,,,,,,,,,,,,,,,,,,,,,,,,,,,,,,,17.5,24.666666667,14.0,,,,
107,Phascolarctos cinereus,Koala,Mammalia,Queensland,EN,,,,,,,,,,,,,,,,,,,,,,,50.0,40.0,70.0,62.0,59.0,56.0,63.0,39.0,40.0,37.0,39.0,23.0,,19.0,,27.0,18.0,5.0,9.0,13.0,,,,59500.0,,6.0,,,,,,18.0,,,,,,11600.0,13.0,,,,,,,,,,,,
108,Poephila cincta cincta,Southern Black-throated Finch,Aves,Queensland,EN,,,,,,,,,,,,,,,,,,,,,,,,,,,,,,,,,,,,,,,,,,,,,,,,,,,,,,,,,178.0,187.0,347.0,280.5,0.0,,34.0,,153.0,21.25,415.0,149.5,207.0,220.0,149.0,163.5,
109,Pseudocheirus occidentalis,Western Ringtail Possum,Mammalia,Western Australia,CR,,,,,,,,,,,,,,,,,,,,,,,,,,,,,,,,,,,,,,,,,,,,,,,,,,,,,,,,,,,,,,,,,,,,,,,5.75,5.75,9.0
110,Pseudomys novaehollandiae,New Holland Mouse,Mammalia,New South Wales,VU,,,,,,,,,,,,,,,,,,,,,,,,,,,,,,,,,,,,,,,,,,,,,,,35.0,19.0,40.0,,22.0,13.0,20.0,,,,,,,,,,,,,,,,,,,,
111,Pterodroma neglecta neglecta,Western Kermadec Petrel,Aves,Commonwealth,VU,,,,,,,,,,,,,,,,,,,,,,,,,,,,,,,,,,,,,,,,,,,,,,,,,,,,,,,,,,,,,,,,,,,,18.5,31.0,26.0,42.0,28.0,46.0
112,Pteropus conspicillatus,Spectacled Flying-fox,Mammalia,Queensland,EN,,,,,,,,,,,,,,,,,,,,,,,,,,,,,,,,,,,,,,,,,,,,,,,,,,,,,,,,,,,,,,,94690.0,97193.5833327,85302.24999933,92867.75,57998.33333367,99692.1666637,68582.5833337,55670.4166664,72522.33332997,61317.33333434,44440.000000399996
113,Pteropus natalis,Christmas Island Flying Fox,Mammalia,Commonwealth,CR,,,,,,,,,,,,,,,,,,,,,,,,,,,,,,,,,,,,,,,,,,,,,,,,,,,,,,,,,,,,,,,,20.083333337,17.541666669,20.916666671999998,22.666666667,19.583333335,,,,,
114,Pteropus poliocephalus,Grey-headed Flying-fox,Mammalia,Australian Capital Territory,VU,,,,,,,,,,,,,,,,,,,,,,,,,,,,,,,,,,,,,,,,,,,,,,,,,,,,,,,,,,,,,,,0.0,228.25,2402.5,643.25,474.5,1727.5,1341.5,1783.25,2701.666667,1857.0,1211.333333
115,Pteropus poliocephalus,Grey-headed Flying-fox,Mammalia,New South Wales,VU,,,,,,,,,,,,,,,,,,,,,,,,,,,,,,,,,,,,,,,,,,,,,,,,,,,,,,,,,,,,,,,384917.0,311023.166667103,366035.6666667,625973.49999607,544260.749990103,479932.9999969,586965.4166596,534269.416666326,422785.166661633,371376.0,535413.0000267
116,Pteropus poliocephalus,Grey-headed Flying-fox,Mammalia,Queensland,VU,,,,,,,,,,,,,,,,,,,,,,,,,,,,,,,,,,,,,,,,,,,,,,,,,,,,,,,,,,,,,,,287009.0,177887.499999934,152287.583333234,252100.66666981,163375.00000373,91985.3333343,223744.250003,116311.833333677,281594.333336797,500897.249967737,136596.0000036
117,Pteropus poliocephalus,Grey-headed Flying-fox,Mammalia,South Australia,VU,,,,,,,,,,,,,,,,,,,,,,,,,,,,,,,,,,,,,,,,,,,,,,,,,,,,,,,,,,,,,,,570.0,929.0,2097.0,2500.25,4189.75,9383.0,16446.5,17240.25,21418.5,31208.5,27401.66667
118,Pteropus poliocephalus,Grey-headed Flying-fox,Mammalia,Victoria,VU,,,,,,,,,,,,,,,,,,,,,,,,,,,,,,,,,,,,,,,,,,,,,,,,,,,,,,,,,,,,,,,22329.0,41595.4166664,68246.916666,27918.66666696,33315.1666667,45076.666667,46621.249999667,46080.91667,36588.0,60030.500003,53158.666663
119,Sminthopsis fuliginosus aitkeni,Kangaroo Island Dunnart,Mammalia,South Australia,EN,,,,,,,,,,,,,,,,,,,,,,,,,,,,,,,,,,,,,,,,,,,,,,,,,,,,,,,,,,,,,,,,,,,,,,,53.0,70.416666667,145.5
120,Sternula nereis nereis,Australian Fairy Tern,Aves,South Australia,VU,,,,,,,,,,,,,,,,,,,,,,,,,,,,,,,,,,,,,,,,,,,,,,,,,,,,63.75,30.8333303,97.319947,97.55934688,56.97727398,177.7724732,147.3000011,140.39545765,167.4888927,251.0095959,83.2500007,,,,,,,,,,,
121,Strepera graculina crissalis,Lord Howe Pied Currawong,Aves,New South Wales,VU,,,,,,,,,,,,,,,,,,,,,,,,,,,,,,,,,,,,,,,,,,,,,,,,,,,,,,,,,,,,,,,,,,,240.0,235.0,,244.0,,,
122,Tachyglossus aculeatus multiaculeatus,Kangaroo Island Echidna,Mammalia,South Australia,EN,,,,,,,,,,,,,,,,,,,,,,,,,,,,,,,,,,,,,,,,,,,,,,,,,,,,,,,,,,,,,,,,,,,,,,,52.5,58.083333333,89.0
123,Tringa nebularia,Common Greenshank,Aves,New South Wales,EN,,,,,,,,,,,,,,,,,,,,,,,,,,,,,,,,13.0,11.0,65.0,189.0,136.0,50.0,62.0,56.0,71.0,3.0,4.0,27.0,11.0,29.0,76.0,46.0,100.0,27.0,41.0,213.0,91.0,82.0,136.0,36.0,48.0,48.0,42.0,32.0,72.0,9.0,13.0,17.0,2.0,11.0,70.0,44.0,69.0,37.0,52.0,75.0,30.0,31.0
124,Tringa nebularia,Common Greenshank,Aves,Northern Territory,EN,,,,,,,,,,,,,,,,,,,,,,,,,,,,,,,,3.0,8.0,20.0,74.0,4.0,8.0,10.0,1.0,3.0,,,1.0,,0.0,11.0,7.0,6.0,,,1.0,0.0,0.0,4.0,4.0,8.0,6.0,3.0,1.0,1.0,13.0,14.0,7.0,5.0,27.0,12.0,697.0,39.0,78.0,26.0,33.0,18.0,14.0
125,Tringa nebularia,Common Greenshank,Aves,Queensland,EN,,,,,,,,,,,,,,,,,,,,,,,,,,,,,,,,1.0,2.0,20.0,12.0,12.0,,0.0,2.0,2.0,0.0,2.0,160.0,348.0,346.0,616.0,649.0,400.0,625.0,303.0,329.0,303.0,392.0,226.0,276.0,253.0,285.0,248.0,301.0,276.0,305.0,288.0,347.0,237.0,178.0,262.0,125.0,91.0,142.0,37.0,174.0,100.0,59.0
126,Tringa nebularia,Common Greenshank,Aves,South Australia,EN,,,,,,,,,,,,,,,,,,,,,,,,,,,,,,,,1280.0,702.0,690.0,1118.0,315.0,201.0,810.0,95.0,169.0,272.0,26.0,29.0,5.0,30.0,607.0,247.0,14.0,22.0,162.0,1456.0,495.0,508.0,559.0,345.0,379.0,347.0,117.0,713.0,880.0,1133.0,940.0,490.0,777.0,672.0,695.0,657.0,554.0,416.0,541.0,391.0,354.0,606.0
127,Tringa nebularia,Common Greenshank,Aves,Tasmania,EN,,,,,,,,,,,,,,,,,,,,,,,,,,,,,,,,74.0,191.0,113.0,21.0,35.0,23.0,45.0,91.0,94.0,191.0,89.0,79.0,195.0,248.0,166.0,134.0,186.0,172.0,221.0,35.0,198.0,88.0,54.0,251.0,99.0,141.0,106.0,72.0,56.0,136.0,29.0,55.0,26.0,40.0,14.0,14.0,38.0,12.0,7.0,19.0,2.0,13.0
128,Tringa nebularia,Common Greenshank,Aves,Victoria,EN,,,,,,,,,,,,,,,,,,,,,,,,,,,,,,,,1241.0,667.0,533.0,949.0,704.0,1264.0,1043.0,454.0,1491.0,1098.0,1181.0,844.0,813.0,716.0,811.0,709.0,839.0,868.0,896.0,913.0,960.0,546.0,655.0,767.0,588.0,993.0,901.0,428.0,544.0,394.0,427.0,212.0,382.0,308.0,270.0,306.0,329.0,333.0,372.0,157.0,287.0,167.0
129,Tringa nebularia,Common Greenshank,Aves,Western Australia,EN,,,,,,,,,,,,,,,,,,,,,,,,,,,,,,,,165.0,138.0,292.0,138.0,503.0,26.0,31.0,7.0,4.0,0.0,25.0,18.0,39.0,336.0,288.0,434.0,183.0,1044.0,1925.0,756.0,169.0,2526.0,1992.0,730.0,3114.0,878.0,6818.0,3060.0,3306.0,2516.0,2774.0,2616.0,3206.0,4320.0,3540.0,2618.0,3327.0,3124.0,618.0,536.0,531.0,315.0
130,Xenus cinereus,Terek Sandpiper,Aves,New South Wales,VU,,,,,,,,,,,,,,,,,,,,,,,,,,,,,,,,,,,,,,,,,,,0.0,10.0,2.0,41.0,173.0,153.0,18.0,71.0,17.0,49.0,87.0,38.0,40.0,88.0,31.0,13.0,25.0,23.0,25.0,14.0,14.0,9.0,21.0,13.0,26.0,15.0,9.0,6.0,3.0,3.0,1.0
131,Xenus cinereus,Terek Sandpiper,Aves,Northern Territory,VU,,,,,,,,,,,,,,,,,,,,,,,,,,,,,,,,,,,,,,,,,,,4.0,,0.0,5.0,0.0,5.0,,,0.0,,0.0,5.0,4.0,3.0,7.0,25.0,3.0,12.0,36.0,42.0,18.0,21.0,15.0,11.0,3200.0,17.0,127.0,189.0,68.0,48.0,15.0
132,Xenus cinereus,Terek Sandpiper,Aves,Queensland,VU,,,,,,,,,,,,,,,,,,,,,,,,,,,,,,,,,,,,,,,,,,,101.0,909.0,418.0,205.0,548.0,130.0,673.0,169.0,255.0,152.0,260.0,356.0,351.0,423.0,503.0,325.0,1217.0,426.0,484.0,1119.0,1278.0,329.0,257.0,301.0,420.0,48.0,224.0,29.0,175.0,161.0,79.0
133,Xenus cinereus,Terek Sandpiper,Aves,South Australia,VU,,,,,,,,,,,,,,,,,,,,,,,,,,,,,,,,,,,,,,,,,,,,,,1.0,0.0,,,,0.0,1.0,1.0,0.0,0.0,0.0,20.0,1.0,4.0,1.0,0.0,0.0,0.0,0.0,0.0,2.0,5.0,0.0,2.0,4.0,1.0,4.0,9.0
134,Xenus cinereus,Terek Sandpiper,Aves,Tasmania,VU,,,,,,,,,,,,,,,,,,,,,,,,,,,,,,,,,,,,,,,,,,,1.0,0.0,0.0,0.0,0.0,0.0,2.0,2.0,0.0,1.0,0.0,1.0,0.0,3.0,0.0,1.0,0.0,0.0,0.0,0.0,0.0,0.0,0.0,0.0,0.0,0.0,0.0,1.0,0.0,0.0,0.0
135,Xenus cinereus,Terek Sandpiper,Aves,Victoria,VU,,,,,,,,,,,,,,,,,,,,,,,,,,,,,,,,,,,,,,,,,,,4.0,1.0,3.0,6.0,4.0,10.0,1.0,12.0,0.0,0.0,3.0,1.0,3.0,4.0,0.0,4.0,0.0,0.0,1.0,0.0,0.0,0.0,3.0,0.0,0.0,1.0,4.0,0.0,0.0,3.0,0.0
136,Xenus cinereus,Terek Sandpiper,Aves,Western Australia,VU,,,,,,,,,,,,,,,,,,,,,,,,,,,,,,,,,,,,,,,,,,,0.0,795.0,580.0,641.0,2140.0,652.0,791.0,9725.0,1120.0,4.0,9734.0,14860.0,3059.0,12674.0,3304.0,8945.0,4226.0,4586.0,2474.0,4181.0,3729.0,5062.0,5526.0,3722.0,4027.0,4935.0,4596.0,30.0,27.0,81.0,47.0
137,Xeromys myoides,False Water-rat,Mammalia,Queensland,VU,,,,,,,,,,,,,,,,,,,,,,,,,,,,,,,,,,,,,,,,,,,,,,,,,,,,,,,,,,,2.0,4.0,,18.0,44.2,49.91666667,0.833333333,14.5,,,,,,,
138,Zanda baudinii,Baudin's Black-Cockatoo,Aves,Western Australia,EN,,,,,,,,,,,,,,,,,,,,,,,,,,,,,,,,,,,,,,,,,,,,,,,,,,,,,,,,,,,,,1353.0,275.0,578.0,735.0,974.0,378.0,2002.0,1533.0,1704.0,1433.0,,1296.0,
139,Zanda latirostris,Carnaby's Black-Cockatoo,Aves,Western Australia,EN,,,,,,,,,,,,,,,,,,,,,,,,,,,,,,,,,,,,,,,,,,,,,,,,,,,,,,,,,,,,,6563.0,4032.0,4040.0,5872.0,7074.0,4855.0,11361.0,10861.0,13027.0,13922.0,,8659.0,
140,Zyzomys maini,Arnhem Land Rock-rat,Mammalia,Northern Territory,VU,,,,,,,,,,,,,,,,,,,,,,,,,,,,,,,,,,,,,,,,,,,,,,,,,,,,0.0,1.0,2.0,1.0,,,,7.0,3.0,,,,63.0,1.0,,,,,,,,
