,Scientific Name,Common Name,ACT,NSW,NT,QLD,SA,TAS,VIC,WA,ACI,CKI,CI,CSI,JBT,NFI,HMI,AAT,CMA,Kingdom,Class,Level,Year
0,Acanthiza iredalei rosinae,Slender-billed Thornbill,,,,,Yes,,,,,,,,,,,,,Animalia,Aves,VU,2026
1,Acanthiza lineata whitei,Kangaroo Island Striated Thornbill,,,,,Yes,,,,,,,,,,,,,Animalia,Aves,VU,2026
2,Acanthiza pusilla magnirostris,King Island Brown Thornbill,,,,,,Yes,,,,,,,,,,,,Animalia,Aves,EN,2026
3,Acanthophis hawkei,Plains Death Adder,,,Yes,Yes,,,,Yes,,,,,,,,,,Animalia,Reptilia,VU,2026
4,Acanthornis magna greeniana,King Island Scrubtit,,,,,,Yes,,,,,,,,,,,,Animalia,Aves,CR,2026
5,Accipiter hiogaster natalis,Christmas Island Goshawk,,,,,,,,,,,Yes,,,,,,,Animalia,Aves,EN,2026
6,Adclarkia cameroni,Brigalow Woodland Snail,,,,Yes,,,,,,,,,,,,,,Animalia,Gastropoda,EN,2026
7,Adclarkia dawsonensis,Boggomoss Snail,,,,Yes,,,,,,,,,,,,,,Animalia,Gastropoda,CR,2026
8,Adclarkia dulacca,Dulacca Woodland Snail,,,,Yes,,,,,,,,,,,,,,Animalia,Gastropoda,EN,2026
9,Advena campbellii,Campbell's Keeled Glass-snail,,,,,,,,,,,,,,Yes,,,,Animalia,Gastropoda,CR,2026
10,Aipysurus apraefrontalis,Short-nosed Sea Snake,,,,,,,,Yes,Yes,,,,,,,,Yes,Animalia,Reptilia,CR,2026
11,Aipysurus foliosquama,Leaf-scaled Sea Snake,,,,,,,,Yes,Yes,,,,,,,,Yes,Animalia,Reptilia,CR,2026
12,Aipysurus fuscus,Dusky Sea Snake,,,,,,,,Yes,Yes,,,,,,,,Yes,Animalia,Reptilia,EN,2026
13,Ammoniropa vigens,Ammonite Pinwheel Snail,,,,,,Yes,,,,,,,,,,,,Animalia,Gastropoda,CR,2026
14,Amphiprion mccullochi,Whitesnout Anemonefish,,Yes,,,,,,,,,,,,Yes,,,,Animalia,Actinopterygii,CR,2026
15,Amytornis barbatus barbatus,Bulloo Grey Grasswren,,Yes,,Yes,Yes,,,,,,,,,,,,,Animalia,Aves,EN,2026
16,Amytornis dorotheae,Carpentarian Grasswren,,,Yes,Yes,,,,,,,,,,,,,,Animalia,Aves,EN,2026
17,Amytornis merrotsyi merrotsyi,Short-tailed Grasswren,,,,,Yes,,,,,,,,,,,,,Animalia,Aves,VU,2026
18,Amytornis merrotsyi pedleri,Gawler Ranges Short-tailed Grasswren,,,,,Yes,,,,,,,,,,,,,Animalia,Aves,EN,2026
19,Amytornis modestus,Thick-billed Grasswren,,Yes,Yes,,Yes,,,,,,,,,,,,,Animalia,Aves,VU,2026
20,Amytornis modestus obscurior,Grey Range Thick-billed Grasswren,,Yes,,,,,,,,,,,,,,,,Animalia,Aves,CR,2026
21,Amytornis striatus howei,Murray Mallee Striated Grasswren,,Yes,,,Yes,,Yes,,,,,,,,,,,Animalia,Aves,EN,2026
22,Amytornis striatus striatus,Mukarrthippi Grasswren,,Yes,,,,,,,,,,,,,,,,Animalia,Aves,CR,2026
23,Amytornis textilis myall,Western Grasswren,,,,,Yes,,,,,,,,,,,,,Animalia,Aves,VU,2026
24,Amytornis woodwardi,White-throated Grasswren,,,Yes,,,,,,,,,,,,,,,Animalia,Aves,VU,2026
25,Anilios insperatus,Fassifern Blind Snake,,,,Yes,,,,,,,,,,,,,,Animalia,Reptilia,CR,2026
26,Anomalopus mackayi,Five-clawed Worm-skink,,Yes,,Yes,,,,,,,,,,,,,,Animalia,Reptilia,VU,2026
27,Anous tenuirostris melanops,Australian Lesser Noddy,,,,,,,,Yes,Yes,,,,,,,,Yes,Animalia,Aves,VU,2026
28,Antechinus argentus,Silver-headed Antechinus,,,,Yes,,,,,,,,,,,,,,Animalia,Mammalia,EN,2026
29,Antechinus arktos,Black-tailed Antechinus,,Yes,,Yes,,,,,,,,,,,,,,Animalia,Mammalia,EN,2026
30,Antechinus bellus,Fawn Antechinus,,,Yes,,,,,,,,,,,,,,,Animalia,Mammalia,VU,2026
31,Antechinus minimus maritimus,Swamp Antechinus,,,,,Yes,,Yes,,,,,,,,,,,Animalia,Mammalia,VU,2026
32,Anthochaera chrysoptera halmaturina,Kangaroo Island Little Wattlebird,,,,,Yes,,,,,,,,,,,,,Animalia,Aves,VU,2026
33,Anthochaera phrygia,Regent Honeyeater,Yes,Yes,,Yes,Yes,,Yes,,,,,,Yes,,,,,Animalia,Aves,CR,2026
34,Antipodia chaostola leucophaea,Tasmanian Chaostola Skipper,,,,,,Yes,,,,,,,,,,,,Animalia,Insecta,EN,2026
35,Aphelocephala leucopsis,Southern Whiteface,Yes,Yes,Yes,Yes,Yes,,Yes,Yes,,,,,,,,,,Animalia,Aves,VU,2026
36,Aplonis fusca,Tasman Starling,,Yes,,,,,,,,,,,,Yes,,,,Animalia,Aves,EX,2026
37,Aprasia aurita,Eared Worm-lizard,,,,,Yes,,Yes,,,,,,,,,,,Animalia,Reptilia,EN,2026
38,Aprasia parapulchella,Pink-tailed Worm-lizard,Yes,Yes,,,,,Yes,,,,,,,,,,,Animalia,Reptilia,VU,2026
39,Aprasia pseudopulchella,Flinders Ranges Worm-lizard,,,,,Yes,,,,,,,,,,,,,Animalia,Reptilia,VU,2026
40,Aquila audax fleayi,Tasmanian Wedge-tailed Eagle,,,,,,Yes,,,,,,,,,,,,Animalia,Aves,EN,2026
41,Arctocephalus tropicalis,Subantarctic Fur-seal,,,,,,Yes,,,,,,,,,Yes,Yes,Yes,Animalia,Mammalia,EN,2026
42,Ardenna grisea,Sooty Shearwater,,Yes,,Yes,Yes,Yes,Yes,Yes,,,,Yes,Yes,,Yes,Yes,Yes,Animalia,Aves,VU,2026
43,Arenaria interpres,Ruddy Turnstone,,Yes,Yes,Yes,Yes,Yes,Yes,Yes,,,,,,,,,Yes,Animalia,Aves,VU,2026
44,Argynnis hyperbius inconstans,Australian Fritillary,,Yes,,Yes,,,,,,,,,,,,,,Animalia,Insecta,CR,2026
45,Assa darlingtoni,Pouched Frog,,Yes,,Yes,,,,,,,,,,,,,,Animalia,Amphibia,VU,2026
46,Assa wollumbin,Mount Wollumbin Hip-pocket Frog,,Yes,,,,,,,,,,,,,,,,Animalia,Amphibia,CR,2026
47,Astacopsis gouldi,Giant Freshwater Crayfish,,,,,,Yes,,,,,,,,,,,,Animalia,Malacostraca,VU,2026
48,Atrichornis clamosus,Noisy Scrub-bird,,,,,,,,Yes,,,,,,,,,,Animalia,Aves,EN,2026
49,Atrichornis rufescens,Rufous Scrub-bird,,Yes,,Yes,,,,,,,,,,,,,,Animalia,Aves,EN,2026
50,Austroablepharus barrylyoni,Lyon's Grassland Striped Skink,,,,Yes,,,,,,,,,,,,,,Animalia,Reptilia,CR,2026
51,Austrocordulia leonardi,Sydney Hawk Dragonfly,,Yes,,,,,,,,,,,,,,,,Animalia,Insecta,EN,2026
52,Balaenoptera borealis,Sei Whale,,Yes,,Yes,Yes,Yes,Yes,Yes,,Yes,Yes,Yes,,,Yes,Yes,Yes,Animalia,Mammalia,VU,2026
53,Balaenoptera musculus,Blue Whale,,Yes,Yes,Yes,Yes,Yes,Yes,Yes,Yes,Yes,Yes,Yes,,Yes,Yes,Yes,Yes,Animalia,Mammalia,EN,2026
54,Balaenoptera physalus,Fin Whale,,Yes,,Yes,Yes,Yes,Yes,Yes,,,,,,,Yes,Yes,Yes,Animalia,Mammalia,VU,2026
55,Bellatorias obiri,Arnhem Land Egernia,,,Yes,,,,,,,,,,,,,,,Animalia,Reptilia,EN,2026
56,Bertmainius colonus,Eastern Stirling Range Pygmy Trapdoor Spider,,,,,,,,Yes,,,,,,,,,,Animalia,Arachnida,VU,2026
57,Bertmainius tingle,Tingle Pygmy Trapdoor Spider,,,,,,,,Yes,,,,,,,,,,Animalia,Arachnida,EN,2026
58,Bettongia anhydra,Desert Bettong,,,Yes,,,,,Yes,,,,,,,,,,Animalia,Mammalia,EX,2026
59,Bettongia gaimardi gaimardi,Eastern Bettong,,Yes,,Yes,Yes,,Yes,,,,,,,,,,,Animalia,Mammalia,EX,2026
60,Bettongia lesueur Barrow and Boodie Islands subspecies,Boodie,,,,,,,,Yes,,,,,,,,,,Animalia,Mammalia,VU,2026
61,Bettongia lesueur graii,Boodie,,Yes,Yes,Yes,Yes,,,Yes,,,,,,,,,,Animalia,Mammalia,EX,2026
62,Bettongia lesueur lesueur,Burrowing Bettong,,Yes,,,Yes,,,Yes,,,,,,,,,,Animalia,Mammalia,VU,2026
63,Bettongia penicillata ogilbyi,Woylie,,Yes,,,Yes,,,Yes,,,,,,,,,,Animalia,Mammalia,EN,2026
64,Bettongia penicillata penicillata,Brush-tailed Bettong,,Yes,Yes,Yes,Yes,,Yes,Yes,,,,,,,,,,Animalia,Mammalia,EX,2026
65,Bettongia pusilla,Nullarbor Dwarf Bettong,,,,,Yes,,,Yes,,,,,,,,,,Animalia,Mammalia,EX,2026
66,Bettongia tropica,Northern Bettong,,Yes,,Yes,,,,,,,,,,,,,,Animalia,Mammalia,EN,2026
67,Bidyanus bidyanus,Silver Perch,Yes,Yes,,Yes,Yes,,Yes,,,,,,,,,,,Animalia,Actinopterygii,EN,2026
68,Botaurus poiciloptilus,Australasian Bittern,Yes,Yes,,Yes,Yes,Yes,Yes,Yes,,,,,,,,,,Animalia,Aves,EN,2026
69,Brachionichthys hirsutus,Spotted Handfish,,,,,,Yes,,,,,,,,,,,Yes,Animalia,Actinopterygii,CR,2026
70,Brachiopsilus ziebelli,Ziebell's Handfish,,,,,,Yes,,,,,,,,,,,Yes,Animalia,Actinopterygii,VU,2026
71,Budginmaya eulae,Eula's Planthopper,,,,,,,,Yes,,,,,,,,,,Animalia,Insecta,CR,2026
72,Burramys parvus,Mountain Pygmy-possum,,Yes,,,,,Yes,,,,,,,,,,,Animalia,Mammalia,EN,2026
73,Cairnsichthys bitaeniatus,Daintree Rainbowfish,,,,Yes,,,,,,,,,,,,,,Animalia,Actinopterygii,CR,2026
74,Cairnsichthys rhombosomoides,Cairns Rainbowfish,,,,Yes,,,,,,,,,,,,,,Animalia,Actinopterygii,EN,2026
75,Calamanthus pyrrhopygius parkeri,Chestnut-rumped Heathwren,,,,,Yes,,,,,,,,,,,,,Animalia,Aves,EN,2026
76,Calidris acuminata,Sharp-tailed Sandpiper,Yes,Yes,Yes,Yes,Yes,Yes,Yes,Yes,Yes,Yes,Yes,,,Yes,,,Yes,Animalia,Aves,VU,2026
77,Calidris canutus,Red Knot,,Yes,Yes,Yes,Yes,Yes,Yes,Yes,Yes,,Yes,Yes,,Yes,,,Yes,Animalia,Aves,VU,2026
78,Calidris ferruginea,Curlew Sandpiper,Yes,Yes,Yes,Yes,Yes,Yes,Yes,Yes,Yes,Yes,Yes,,Yes,,,,Yes,Animalia,Aves,CR,2026
79,Calidris tenuirostris,Great Knot,,Yes,Yes,Yes,Yes,Yes,Yes,Yes,,,,,,,,,Yes,Animalia,Aves,VU,2026
80,Callocephalon fimbriatum,Gang-gang Cockatoo,Yes,Yes,,,Yes,Yes,Yes,,,,,,Yes,,,,,Animalia,Aves,EN,2026
81,Caloprymnus campestris,Desert Rat-kangaroo,,,,Yes,Yes,,,,,,,,,,,,,Animalia,Mammalia,EX,2026
82,Calyptorhynchus banksii graptogyne,South-eastern Red-tailed Black-Cockatoo,,,,,Yes,,Yes,,,,,,,,,,,Animalia,Aves,EN,2026
83,Calyptorhynchus banksii naso,Forest Red-tailed Black-Cockatoo,,,,,,,,Yes,,,,,,,,,,Animalia,Aves,VU,2026
84,Calyptorhynchus baudinii,Baudin's Cockatoo,,,,,,,,Yes,,,,,,,,,,Animalia,Aves,EN,2026
85,Calyptorhynchus lathami halmaturinus,Kangaroo Island Glossy Black-Cockatoo,,,,,Yes,,,,,,,,,,,,,Animalia,Aves,EN,2026
86,Calyptorhynchus lathami lathami,South-eastern Glossy Black-Cockatoo,Yes,Yes,,Yes,,,Yes,,,,,,Yes,,,,,Animalia,Aves,VU,2026
87,Calyptorhynchus latirostris,Carnaby's Cockatoo,,,,,,,,Yes,,,,,,,,,,Animalia,Aves,EN,2026
88,Carcharias taurus (east coast population),Grey Nurse Shark,,Yes,,Yes,,,Yes,,,,,,Yes,,,,Yes,Animalia,Chondrichthyes,CR,2026
89,Carcharias taurus (west coast population),Grey Nurse Shark,,,,,,,,Yes,,,,,,,,,Yes,Animalia,Chondrichthyes,VU,2026
90,Carcharodon carcharias,White Shark,,Yes,Yes,Yes,Yes,Yes,Yes,Yes,Yes,Yes,Yes,Yes,Yes,Yes,,,Yes,Animalia,Chondrichthyes,VU,2026
91,Caretta caretta,Loggerhead Turtle,,Yes,Yes,Yes,Yes,Yes,Yes,Yes,Yes,Yes,Yes,Yes,Yes,Yes,,,Yes,Animalia,Reptilia,EN,2026
92,Carettochelys insculpta,Pig-nosed Turtle,,,Yes,,,,,,,,,,,,,,,Animalia,Reptilia,VU,2026
93,Carinascincus greeni,Alpine Cool-skink,,,,,,Yes,,,,,,,,,,,,Animalia,Reptilia,EN,2026
94,Carinascincus microlepidotus,Boulder Cool-skink,,,,,,Yes,,,,,,,,,,,,Animalia,Reptilia,EN,2026
95,Carinascincus orocryptus,Heath Cool-skink,,,,,,Yes,,,,,,,,,,,,Animalia,Reptilia,EN,2026
96,Carinascincus palfreymani,Pedra Branca Skink,,,,,,Yes,,,,,,,,,,,,Animalia,Reptilia,CR,2026
97,Casuarius casuarius johnsonii,Southern Cassowary,,,,Yes,,,,,,,,,,,,,,Animalia,Aves,EN,2026
98,Centrophorus harrissoni,Harrisson's Dogfish,,,,,,,,,,,,Yes,,Yes,,,Yes,Animalia,Chondrichthyes,CD,2026
99,Centrophorus uyato,Little Gulper Shark,,Yes,,,Yes,Yes,Yes,Yes,,,,,,,,,Yes,Animalia,Chondrichthyes,CD,2026
100,Cereopsis novaehollandiae grisea,Cape Barren Goose,,,,,,,,Yes,,,,,,,,,Yes,Animalia,Aves,VU,2026
101,Ceyx azureus diemenensis,Tasmanian Azure Kingfisher,,,,,,Yes,,,,,,,,,,,,Animalia,Aves,EN,2026
102,Chaeropus ecaudatus,Pig-footed Bandicoot,,Yes,Yes,Yes,Yes,,Yes,Yes,,,,,,,,,,Animalia,Mammalia,EX,2026
103,Chaeropus yirratji,Yirratji,,,Yes,Yes,Yes,,,Yes,,,,,,,,,,Animalia,Mammalia,EX,2026
104,Chalcophaps indica natalis,Christmas Island Emerald Dove,,,,,,,,,,,Yes,,,,,,,Animalia,Aves,EN,2026
105,Chalinolobus dwyeri,Large-eared Pied Bat,,Yes,,Yes,,,,,,,,,Yes,,,,,Animalia,Mammalia,EN,2026
106,Charadrius leschenaultii,Greater Sand Plover,,Yes,Yes,Yes,Yes,Yes,Yes,Yes,Yes,Yes,Yes,Yes,,,,,Yes,Animalia,Aves,VU,2026
107,Charadrius mongolus,Lesser Sand Plover,,Yes,Yes,Yes,Yes,Yes,Yes,Yes,Yes,,Yes,Yes,,,,,Yes,Animalia,Aves,EN,2026
108,Chelonia mydas,Green Turtle,,Yes,Yes,Yes,Yes,Yes,Yes,Yes,Yes,Yes,Yes,Yes,Yes,Yes,,,Yes,Animalia,Reptilia,VU,2026
109,Cherax robustus,Sand Yabby,,,,Yes,,,,,,,,,,,,,,Animalia,Malacostraca,VU,2026
110,Cherax tenuimanus,Hairy Marron,,,,,,,,Yes,,,,,,,,,,Animalia,Malacostraca,CR,2026
111,Chlamydogobius gloveri,Dalhousie Goby,,,,,Yes,,,,,,,,,,,,,Animalia,Actinopterygii,CR,2026
112,Chlamydogobius micropterus,Elizabeth Springs Goby,,,,Yes,,,,,,,,,,,,,,Animalia,Actinopterygii,EN,2026
113,Chlamydogobius squamigenus,Edgbaston Goby,,,,Yes,,,,,,,,,,,,,,Animalia,Actinopterygii,VU,2026
114,Christinus guentheri,Lord Howe Island Gecko,,Yes,,,,,,,,,,,,Yes,,,,Animalia,Reptilia,VU,2026
115,Cinclosoma punctatum anachoreta,Mt Lofty Ranges Spotted Quail-thrush,,,,,Yes,,,,,,,,,,,,,Animalia,Aves,CR,2026
116,Climacteris picumnus victoriae,Brown Treecreeper,Yes,Yes,,Yes,,,Yes,,,,,,Yes,,,,,Animalia,Aves,VU,2026
117,Coeranoscincus reticulatus,Three-toed Snake-tooth Skink,,Yes,,Yes,,,,,,,,,,,,,,Animalia,Reptilia,VU,2026
118,Columba vitiensis godmanae,Lord Howe White-throated Pigeon,,Yes,,,,,,,,,,,,,,,,Animalia,Aves,EX,2026
119,Conilurus albipes,White-footed Rabbit-rat,,Yes,,Yes,Yes,,Yes,,,,,,,,,,,Animalia,Mammalia,EX,2026
120,Conilurus capricornensis,Capricorn Rabbit-rat,,,,Yes,,,,,,,,,,,,,,Animalia,Mammalia,EX,2026
121,Conilurus penicillatus,Brush-tailed Rabbit-rat,,,Yes,Yes,,,,Yes,,,,,,,,,,Animalia,Mammalia,VU,2026
122,Cophixalus aenigma,Tapping Nursery-frog,,,,Yes,,,,,,,,,,,,,,Animalia,Amphibia,EN,2026
123,Cophixalus concinnus,Elegant Frog,,,,Yes,,,,,,,,,,,,,,Animalia,Amphibia,CR,2026
124,Cophixalus hosmeri,Hosmer's Frog,,,,Yes,,,,,,,,,,,,,,Animalia,Amphibia,CR,2026
125,Cophixalus mcdonaldi,McDonald's Frog,,,,Yes,,,,,,,,,,,,,,Animalia,Amphibia,CR,2026
126,Cophixalus monticola,Mountain-top Nursery-frog,,,,Yes,,,,,,,,,,,,,,Animalia,Amphibia,CR,2026
127,Cophixalus neglectus,Neglected Frog,,,,Yes,,,,,,,,,,,,,,Animalia,Amphibia,CR,2026
128,Cormodes darwini,a beetle,,Yes,,,,,,,,,,,,,,,,Animalia,Insecta,CR,2026
129,Craterocephalus dalhousiensis,Dalhousie Hardyhead,,,,,Yes,,,,,,,,,,,,,Animalia,Actinopterygii,CR,2026
130,Craterocephalus fluviatilis,Murray Hardyhead,,Yes,,,Yes,,Yes,,,,,,,,,,,Animalia,Actinopterygii,EN,2026
131,Crinia sloanei,Sloane's Froglet,,Yes,,,,,Yes,,,,,,,,,,,Animalia,Amphibia,EN,2026
132,Crocidura trichura,Christmas Island Shrew,,,,,,,,,,,Yes,,,,,,,Animalia,Mammalia,CR,2026
133,Cryptoblepharus egeriae,Christmas Island Blue-tailed Skink,,,,,,,,,,,Yes,,,,,,,Animalia,Reptilia,CR,2026
134,Cryptoblepharus gurrmul,Arafura Snake-eyed Skink,,,Yes,,,,,,,,,,,,,,,Animalia,Reptilia,EN,2026
135,Ctenophorus yinnietharra,Yinnietharra Rock-Dragon,,,,,,,,Yes,,,,,,,,,,Animalia,Reptilia,VU,2026
136,Ctenotus lancelini,Lancelin Island Skink,,,,,,,,Yes,,,,,,,,,,Animalia,Reptilia,VU,2026
137,Ctenotus serotinus,Gravel Downs Ctenotus,,,,Yes,,,,,,,,,,,,,,Animalia,Reptilia,CR,2026
138,Ctenotus zastictus,Hamelin Ctenotus,,,,,,,,Yes,,,,,,,,,,Animalia,Reptilia,VU,2026
139,Cyanoramphus cookii,Norfolk Island Green Parrot,,,,,,,,,,,,,,Yes,,,,Animalia,Aves,EN,2026
140,Cyanoramphus novaezelandiae erythrotis,Macquarie Island Red-fronted Parakeet,,,,,,Yes,,,,,,,,,,,,Animalia,Aves,EX,2026
141,Cyanoramphus novaezelandiae subflavescens,Lord Howe Tasman Parakeet,,Yes,,,,,,,,,,,,,,,,Animalia,Aves,EX,2026
142,Cyclodomorphus praealtus,Alpine She-oak Skink,,Yes,,,,,Yes,,,,,,,,,,,Animalia,Reptilia,EN,2026
143,Cyclopsitta diophthalma coxeni,Coxen's Fig-Parrot,,Yes,,Yes,,,,,,,,,,,,,,Animalia,Aves,CR,2026
144,Cyrtodactylus sadleiri,Christmas Island Giant Gecko,,,,,,,,,,,Yes,,,,,,,Animalia,Reptilia,EN,2026
145,Dasyornis brachypterus,Eastern Bristlebird,,Yes,,Yes,,,Yes,,,,,,Yes,,,,,Animalia,Aves,EN,2026
146,Dasyornis broadbenti litoralis,Rufous Bristlebird,,,,,,,,Yes,,,,,,,,,,Animalia,Aves,EX,2026
147,Dasyornis longirostris,Western Bristlebird,,,,,,,,Yes,,,,,,,,,,Animalia,Aves,EN,2026
148,Dasyuroides byrnei,Kowari,,,Yes,Yes,Yes,,,,,,,,,,,,,Animalia,Mammalia,EN,2026
149,Dasyurus geoffroii,Chuditch,Yes,Yes,Yes,Yes,Yes,,Yes,Yes,,,,,,,,,,Animalia,Mammalia,VU,2026
150,Dasyurus hallucatus,Northern Quoll,,,Yes,Yes,,,,Yes,,,,,,,,,,Animalia,Mammalia,EN,2026
151,Dasyurus maculatus gracilis,Spotted-tailed Quoll,,,,Yes,,,,,,,,,,,,,,Animalia,Mammalia,EN,2026
152,Dasyurus maculatus maculatus (SE mainland population),Spotted-tail Quoll,Yes,Yes,,Yes,Yes,,Yes,,,,,,Yes,,,,,Animalia,Mammalia,EN,2026
153,Dasyurus maculatus maculatus (Tasmanian population),Spotted-tail Quoll,,,,,,Yes,,,,,,,,,,,,Animalia,Mammalia,VU,2026
154,Dasyurus viverrinus,Eastern Quoll,Yes,Yes,,,Yes,Yes,Yes,,,,,,,,,,,Animalia,Mammalia,EN,2026
155,Delma impar,Striped Legless Lizard,Yes,Yes,,,Yes,,Yes,,,,,,,,,,,Animalia,Reptilia,VU,2026
156,Delma mitella,Atherton Delma,,,,Yes,,,,,,,,,,,,,,Animalia,Reptilia,VU,2026
157,Delma torquata,Adorned Delma,,,,Yes,,,,,,,,,,,,,,Animalia,Reptilia,VU,2026
158,Delma vescolineata,Hunter Valley Delma,,Yes,,,,,,,,,,,,,,,,Animalia,Reptilia,EN,2026
159,Dendronephthya australis,Cauliflower Soft Coral,,Yes,,Yes,,,,,,,,,Yes,,,,,Animalia,Anthozoa,EN,2026
160,Denisonia maculata,Ornamental Snake,,,,Yes,,,,,,,,,,,,,,Animalia,Reptilia,VU,2026
161,Dermochelys coriacea,Leatherback Turtle,,Yes,Yes,Yes,Yes,Yes,Yes,Yes,Yes,Yes,Yes,Yes,Yes,Yes,,,Yes,Animalia,Reptilia,EN,2026
162,Diomedea amsterdamensis,Amsterdam Albatross,,,,,,,,Yes,,,,,,,,,Yes,Animalia,Aves,EN,2026
163,Diomedea antipodensis,Antipodean Albatross,,Yes,,Yes,Yes,Yes,Yes,Yes,,,,,Yes,Yes,,,Yes,Animalia,Aves,VU,2026
164,Diomedea antipodensis gibsoni,Gibson's Albatross,,Yes,,Yes,,Yes,Yes,,,,,,Yes,Yes,,,Yes,Animalia,Aves,VU,2026
165,Diomedea dabbenena,Tristan Albatross,,,,,Yes,,,Yes,,,,,,,,,Yes,Animalia,Aves,EN,2026
166,Diomedea epomophora,Southern Royal Albatross,,Yes,,Yes,Yes,Yes,Yes,Yes,,,,,Yes,Yes,Yes,Yes,Yes,Animalia,Aves,VU,2026
167,Diomedea exulans,Wandering Albatross,,Yes,,Yes,Yes,Yes,Yes,Yes,,,,,Yes,Yes,Yes,Yes,Yes,Animalia,Aves,VU,2026
168,Diomedea sanfordi,Northern Royal Albatross,,Yes,,Yes,Yes,Yes,Yes,Yes,,,,,Yes,,Yes,,Yes,Animalia,Aves,EN,2026
169,Dromaius ater,King Island Emu,,,,,,Yes,,,,,,,,,,,,Animalia,Aves,EX,2026
170,Dromaius baudinianus,Kangaroo Island Emu,,,,,Yes,,,,,,,,,,,,,Animalia,Aves,EX,2026
171,Dromaius novaehollandiae diemenensis,Tasmanian Emu,,,,,,Yes,,,,,,,,,,,,Animalia,Aves,EX,2026
172,Dryococelus australis,Lord Howe Island Phasmid,,Yes,,,,,,,,,,,,,,,,Animalia,Insecta,CR,2026
173,Egernia roomi,Kaputar Rock Skink,,Yes,,,,,,,,,,,,,,,,Animalia,Reptilia,CR,2026
174,Egernia rugosa,Yakka Skink,,,,Yes,,,,,,,,,,,,,,Animalia,Reptilia,VU,2026
175,Egernia stokesii badia,Western Spiny-tailed Skink,,,,,,,,Yes,,,,,,,,,,Animalia,Reptilia,EN,2026
176,Elseya albagula,Southern Snapping Turtle,,,,Yes,,,,,,,,,,,,,,Animalia,Reptilia,CR,2026
177,Elseya irwini,Irwin's Turtle,,,,Yes,,,,,,,,,,,,,,Animalia,Reptilia,VU,2026
178,Elseya lavarackorum,Gulf Snapping Turtle,,,Yes,Yes,,,,,,,,,,,,,,Animalia,Reptilia,EN,2026
179,Elusor macrurus,Mary River Turtle,,,,Yes,,,,,,,,,,,,,,Animalia,Reptilia,CR,2026
180,Emoia nativitatis,Christmas Island Forest Skink,,,,,,,,,,,Yes,,,,,,,Animalia,Reptilia,EX,2026
181,Emydura subglobosa subglobosa,Jardine River Turtle,,,,Yes,,,,,,,,,,,,,,Animalia,Reptilia,CR,2026
182,Engaeus granulatus,Central North Burrowing Crayfish,,,,,,Yes,,,,,,,,,,,,Animalia,Malacostraca,EN,2026
183,Engaeus martigener,Furneaux Burrowing Crayfish,,,,,,Yes,,,,,,,,,,,,Animalia,Malacostraca,EN,2026
184,Engaeus orramakunna,Mount Arthur Burrowing Crayfish,,,,,,Yes,,,,,,,,,,,,Animalia,Malacostraca,VU,2026
185,Engaeus spinicaudatus,Scottsdale Burrowing Crayfish,,,,,,Yes,,,,,,,,,,,,Animalia,Malacostraca,EN,2026
186,Engaeus yabbimunna,Burnie Burrowing Crayfish,,,,,,Yes,,,,,,,,,,,,Animalia,Malacostraca,VU,2026
187,Engaewa pseudoreducta,Margaret River Burrowing Crayfish,,,,,,,,Yes,,,,,,,,,,Animalia,Malacostraca,CR,2026
188,Engaewa reducta,Dunsborough Burrowing Crayfish,,,,,,,,Yes,,,,,,,,,,Animalia,Malacostraca,CR,2026
189,Engaewa walpolea,Walpole Burrowing Crayfish,,,,,,,,Yes,,,,,,,,,,Animalia,Malacostraca,EN,2026
190,Epinephelus daemelii,Black Rockcod,,Yes,,Yes,,,Yes,,,,,,Yes,Yes,,,Yes,Animalia,Actinopterygii,VU,2026
191,Epthianura crocea macgregori,Capricorn Yellow Chat,,,,Yes,,,,,,,,,,,,,,Animalia,Aves,CR,2026
192,Epthianura crocea tunneyi,Alligator Rivers Yellow Chat,,,Yes,,,,,,,,,,,,,,,Animalia,Aves,EN,2026
193,Eretmochelys imbricata,Hawksbill Turtle,,Yes,Yes,Yes,,,,Yes,Yes,Yes,Yes,Yes,Yes,Yes,,,Yes,Animalia,Reptilia,VU,2026
194,Erythrotriorchis radiatus,Red Goshawk,,Yes,Yes,Yes,,,,Yes,,,,,,,,,,Animalia,Aves,EN,2026
195,Erythrura gouldiae,Gouldian Finch,,,Yes,Yes,,,,Yes,,,,,,,,,,Animalia,Aves,EN,2026
196,Euastacus angustus,Narrow Euastacus,,Yes,,,,,,,,,,,,,,,,Animalia,Malacostraca,CR,2026
197,Euastacus armatus,Murray Crayfish,Yes,Yes,,,,,Yes,,,,,,,,,,,Animalia,Malacostraca,VU,2026
198,Euastacus balanensis,Balan Spiny Crayfish,,,,Yes,,,,,,,,,,,,,,Animalia,Malacostraca,EN,2026
199,Euastacus bidawalus,Bidhawal Crayfish,,Yes,,,,,Yes,,,,,,,,,,,Animalia,Malacostraca,EN,2026
200,Euastacus bindal,Mt Elliot Crayfish,,,,Yes,,,,,,,,,,,,,,Animalia,Malacostraca,CR,2026
201,Euastacus binzayedi,Embezee's Crayfish,,,,Yes,,,,,,,,,,,,,,Animalia,Malacostraca,CR,2026
202,Euastacus bispinosus,Glenelg Spiny Freshwater Crayfish,,,,,Yes,,Yes,,,,,,,,,,,Animalia,Malacostraca,EN,2026
203,Euastacus clarkae,Ellen Clark's Crayfish,,Yes,,,,,,,,,,,,,,,,Animalia,Malacostraca,EN,2026
204,Euastacus dalagarbe,Mud Gully Crayfish,,Yes,,Yes,,,,,,,,,,,,,,Animalia,Malacostraca,CR,2026
205,Euastacus dharawalus,Fitzroy Falls Spiny Crayfish,,Yes,,,,,,,,,,,,,,,,Animalia,Malacostraca,CR,2026
206,Euastacus diversus,Orbost Spiny Crayfish,,,,,,,Yes,,,,,,,,,,,Animalia,Malacostraca,EN,2026
207,Euastacus eungella,Eungella Spiny Crayfish,,,,Yes,,,,,,,,,,,,,,Animalia,Malacostraca,EN,2026
208,Euastacus fleckeri,Flecker's Crayfish,,,,Yes,,,,,,,,,,,,,,Animalia,Malacostraca,EN,2026
209,Euastacus gamilaroi,Gamilaroi Crayfish,,Yes,,,,,,,,,,,,,,,,Animalia,Malacostraca,EN,2026
210,Euastacus girurmulayn,Smooth Crayfish,,Yes,,,,,,,,,,,,,,,,Animalia,Malacostraca,EN,2026
211,Euastacus gumar,Bloodclaw Crayfish,,Yes,,,,,,,,,,,,,,,,Animalia,Malacostraca,EN,2026
212,Euastacus guruhgi,Swollen Crayfish,,Yes,,,,,,,,,,,,,,,,Animalia,Malacostraca,CR,2026
213,Euastacus guwinus,Tianjara Crayfish,,Yes,,,,,,,,,,,,,,,,Animalia,Malacostraca,CR,2026
214,Euastacus hystricosus,Conondale Spiny Crayfish,,,,Yes,,,,,,,,,,,,,,Animalia,Malacostraca,EN,2026
215,Euastacus jagabar,Blue-black Crayfish,,Yes,,,,,,,,,,,,,,,,Animalia,Malacostraca,CR,2026
216,Euastacus jagara,Jagara Hairy Crayfish,,,,Yes,,,,,,,,,,,,,,Animalia,Malacostraca,CR,2026
217,Euastacus maccai,Terrestrial Crayfish,,Yes,,,,,,,,,,,,,,,,Animalia,Malacostraca,EN,2026
218,Euastacus maidae,Hinterland Spiny Crayfish,,,,Yes,,,,,,,,,,,,,,Animalia,Malacostraca,CR,2026
219,Euastacus mirangudjin,Orange-bellied Crayfish,,Yes,,Yes,,,,,,,,,,,,,,Animalia,Malacostraca,EN,2026
220,Euastacus monteithorum,Monteith's Crayfish,,,,Yes,,,,,,,,,,,,,,Animalia,Malacostraca,EN,2026
221,Euastacus morgani,Morgan's Crayfish,,Yes,,,,,,,,,,,,,,,,Animalia,Malacostraca,CR,2026
222,Euastacus polysetosus,Many-bristled Crayfish,,Yes,,,,,,,,,,,,,,,,Animalia,Malacostraca,EN,2026
223,Euastacus rieki,Riek's Crayfish,Yes,Yes,,,,,,,,,,,,,,,,Animalia,Malacostraca,EN,2026
224,Euastacus robertsi,Robert's Crayfish,,,,Yes,,,,,,,,,,,,,,Animalia,Malacostraca,EN,2026
225,Euastacus simplex,Simple Crayfish,,Yes,,,,,,,,,,,,,,,,Animalia,Malacostraca,EN,2026
226,Euastacus sp. 1 coughrani (McCormack & Fetzner),Coughran's Crayfish,,,,,,,Yes,,,,,,,,,,,Animalia,Malacostraca,EN,2026
227,Euastacus spinichelatus,Small Crayfish,,Yes,,,,,,,,,,,,,,,,Animalia,Malacostraca,EN,2026
228,Euastacus suttoni,Sutton's Crayfish,,Yes,,Yes,,,,,,,,,,,,,,Animalia,Malacostraca,EN,2026
229,Euastacus urospinosus,Maleny Crayfish,,,,Yes,,,,,,,,,,,,,,Animalia,Malacostraca,EN,2026
230,Euastacus vesper,Cudgegong Giant Spiny Crayfish,,Yes,,,,,,,,,,,,,,,,Animalia,Malacostraca,CR,2026
231,Euastacus yigara,Cardwell Crayfish,,,,Yes,,,,,,,,,,,,,,Animalia,Malacostraca,CR,2026
232,Eubalaena australis,Southern Right Whale,,Yes,,Yes,Yes,Yes,Yes,Yes,,,,,Yes,Yes,Yes,Yes,Yes,Animalia,Mammalia,EN,2026
233,Eulamprus kosciuskoi,Alpine Water Skink,Yes,Yes,,,,,Yes,,,,,,,,,,,Animalia,Reptilia,VU,2026
234,Eulamprus leuraensis,Blue Mountains Water Skink,,Yes,,,,,,,,,,,,,,,,Animalia,Reptilia,EN,2026
235,Eulamprus tympanum marnieae,Corangamite Water Skink,,,,,,,Yes,,,,,,,,,,,Animalia,Reptilia,EN,2026
236,Falco hypoleucos,Grey Falcon,Yes,Yes,Yes,Yes,Yes,,Yes,Yes,,,,,,,,,,Animalia,Aves,VU,2026
237,Falcunculus frontatus whitei,Crested Shrike-tit,,,Yes,,,,,Yes,,,,,,,,,,Animalia,Aves,VU,2026
238,Fregata andrewsi,Christmas Island Frigatebird,,,,,,,,,,,Yes,,,,,,Yes,Animalia,Aves,EN,2026
239,Fregetta grallaria grallaria,White-bellied Storm-Petrel,,Yes,,Yes,,Yes,Yes,,,,,Yes,Yes,Yes,Yes,Yes,Yes,Animalia,Aves,VU,2026
240,Furina dunmalli,Dunmall's Snake,,Yes,,Yes,,,,,,,,,,,,,,Animalia,Reptilia,VU,2026
241,Gadopsis sp. SWV,Western Victorian Blackfish,,,,,,,Yes,,,,,,,,,,,Animalia,Actinopterygii,EN,2026
242,Galaxias aequipinnis,East Gippsland Galaxias,,,,,,,Yes,,,,,,,,,,,Animalia,Actinopterygii,CR,2026
243,Galaxias auratus,Golden Galaxias,,,,,,Yes,,,,,,,,,,,,Animalia,Actinopterygii,EN,2026
244,Galaxias brevissimus,Short-tail Galaxias,,Yes,,,,,,,,,,,,,,,,Animalia,Actinopterygii,CR,2026
245,Galaxias fontanus,Swan Galaxias,,,,,,Yes,,,,,,,,,,,,Animalia,Actinopterygii,EN,2026
246,Galaxias fuscus,Barred Galaxias,,,,,,,Yes,,,,,,,,,,,Animalia,Actinopterygii,EN,2026
247,Galaxias gunaikurnai,Shaw Galaxias,,,,,,,Yes,,,,,,,,,,,Animalia,Actinopterygii,CR,2026
248,Galaxias johnstoni,Clarence Galaxias,,,,,,Yes,,,,,,,,,,,,Animalia,Actinopterygii,EN,2026
249,Galaxias lanceolatus,Tapered Galaxias,,,,,,,Yes,,,,,,,,,,,Animalia,Actinopterygii,CR,2026
250,Galaxias longifundus,West Gippsland Galaxias,,,,,,,Yes,,,,,,,,,,,Animalia,Actinopterygii,CR,2026
251,Galaxias mcdowalli,McDowall's Galaxias,,,,,,,Yes,,,,,,,,,,,Animalia,Actinopterygii,CR,2026
252,Galaxias mungadhan,Dargo Galaxias,,,,,,,Yes,,,,,,,,,,,Animalia,Actinopterygii,CR,2026
253,Galaxias parvus,Swamp Galaxias,,,,,,Yes,,,,,,,,,,,,Animalia,Actinopterygii,VU,2026
254,Galaxias pedderensis,Pedder Galaxias,,,,,,Yes,,,,,,,,,,,,Animalia,Actinopterygii,,2026
255,Galaxias rostratus,Flathead Galaxias,,Yes,,,Yes,,Yes,,,,,,,,,,,Animalia,Actinopterygii,CR,2026
256,Galaxias sp. nov. 'Hunter',Hunter Galaxias,,Yes,,,,,,,,,,,,,,,,Animalia,Actinopterygii,CR,2026
257,Galaxias sp. nov. 'Moroka',Moroka Galaxias,,,,,,,Yes,,,,,,,,,,,Animalia,Actinopterygii,CR,2026
258,Galaxias sp. nov. 'Morwell',Morwell Galaxias,,,,,,,Yes,,,,,,,,,,,Animalia,Actinopterygii,CR,2026
259,Galaxias sp. nov. 'Yalmy',Yalmy Galaxias,,,,,,,Yes,,,,,,,,,,,Animalia,Actinopterygii,CR,2026
260,Galaxias supremus,Kosciuszko Galaxias,,Yes,,,,,,,,,,,,,,,,Animalia,Actinopterygii,CR,2026
261,Galaxias tantangara,Stocky Galaxias,,Yes,,,,,,,,,,,,,,,,Animalia,Actinopterygii,CR,2026
262,Galaxias tanycephalus,Saddled Galaxias,,,,,,Yes,,,,,,,,,,,,Animalia,Actinopterygii,VU,2026
263,Galaxias terenasus,Roundsnout Galaxias,,Yes,,,,,Yes,,,,,,,,,,,Animalia,Actinopterygii,EN,2026
264,Galaxias truttaceus (Western Australian population),Western Trout Minnow,,,,,,,,Yes,,,,,,,,,,Animalia,Actinopterygii,EN,2026
265,Galaxiella munda,Western Dwarf Galaxias,,,,,,,,Yes,,,,,,,,,,Animalia,Actinopterygii,VU,2026
266,Galaxiella nigrostriata,Blackstriped Dwarf Galaxias,,,,,,,,Yes,,,,,,,,,,Animalia,Actinopterygii,EN,2026
267,Galaxiella pusilla,Eastern Dwarf Galaxias,,,,,,Yes,Yes,,,,,,,,,,,Animalia,Actinopterygii,EN,2026
268,Galaxiella toourtkoourt,Little Galaxias,,,,,Yes,,Yes,,,,,,,,,,,Animalia,Actinopterygii,VU,2026
269,Galeorhinus galeus,Tope,,Yes,,Yes,Yes,Yes,Yes,Yes,,,,,Yes,Yes,,,Yes,Animalia,Chondrichthyes,CD,2026
270,Gallinago hardwickii,Latham's Snipe,Yes,Yes,,Yes,Yes,Yes,Yes,,,,,,Yes,,,,,Animalia,Aves,VU,2026
271,Geocrinia alba,White-bellied Frog,,,,,,,,Yes,,,,,,,,,,Animalia,Amphibia,CR,2026
272,Geocrinia vitellina,Orange-bellied Frog,,,,,,,,Yes,,,,,,,,,,Animalia,Amphibia,VU,2026
273,Geophaps scripta scripta,Squatter Pigeon,,Yes,,Yes,,,,,,,,,,,,,,Animalia,Aves,VU,2026
274,Geophaps smithii blaauwi,Partridge Pigeon,,,,,,,,Yes,,,,,,,,,,Animalia,Aves,VU,2026
275,Geophaps smithii smithii,Partridge Pigeon,,,Yes,,,,,Yes,,,,,,,,,,Animalia,Aves,VU,2026
276,Gerygone insularis,Lord Howe Gerygone,,Yes,,,,,,,,,,,,,,,,Animalia,Aves,EX,2026
277,Glyphis garricki,Northern River Shark,,,Yes,,,,,Yes,,,,,,,,,Yes,Animalia,Chondrichthyes,EN,2026
278,Glyphis glyphis,Speartooth Shark,,,Yes,Yes,,,,Yes,,,,,,,,,Yes,Animalia,Chondrichthyes,CR,2026
279,Grantiella picta,Painted Honeyeater,Yes,Yes,Yes,Yes,Yes,,Yes,,,,,,Yes,,,,,Animalia,Aves,VU,2026
280,Gudeoconcha sophiae magnifica,Magnificent Helicarionid Land Snail,,Yes,,,,,,,,,,,,,,,,Animalia,Gastropoda,CR,2026
281,Gymnobelideus leadbeateri,Leadbeater's Possum,,Yes,,,,,Yes,,,,,,,,,,,Animalia,Mammalia,CR,2026
282,Haliotis rubiginosa,Lord Howe Abalone,,Yes,,,,,,,,,,,,,,,,Animalia,Gastropoda,CR,2026
283,Halobaena caerulea,Blue Petrel,,Yes,,Yes,Yes,Yes,Yes,Yes,,,,,,,Yes,Yes,Yes,Animalia,Aves,VU,2026
284,Harrisoniascincus zia,Rainforest Cool-skink,,Yes,,Yes,,,,,,,,,,,,,,Animalia,Reptilia,VU,2026
285,Heleioporus australiacus australiacus,Giant Burrowing Frog,,Yes,,,,,,,,,,,,,,,,Animalia,Amphibia,EN,2026
286,Heleioporus australiacus flavopunctatus,Southern Owl Frog,,Yes,,,,,Yes,,,,,,,,,,,Animalia,Amphibia,EN,2026
287,Hemiaspis damelii,Grey Snake,,Yes,,Yes,,,,,,,,,,,,,,Animalia,Reptilia,EN,2026
288,Hemibelideus lemuroides,Lemuroid Ringtail Possum,,,,Yes,,,,,,,,,,,,,,Animalia,Mammalia,EN,2026
289,Hemiphaga novaeseelandiae spadicea,New Zealand Pigeon,,,,,,,,,,,,,,Yes,,,,Animalia,Aves,EX,2026
290,Hesperocolletes douglasi,Douglas' Broad-headed Bee,,,,,,,,Yes,,,,,,,,,,Animalia,Insecta,CR,2026
291,Hippocampus whitei,White's Seahorse,,Yes,,Yes,,,,,,,,,,,,,Yes,Animalia,Actinopterygii,EN,2026
292,Hipposideros inornatus,Arnhem Leaf-nosed Bat,,,Yes,,,,,,,,,,,,,,,Animalia,Mammalia,EN,2026
293,Hipposideros semoni,Semon's Leaf-nosed Bat,,,,Yes,,,,,,,,,,,,,,Animalia,Mammalia,VU,2026
294,Hirundapus caudacutus,White-throated Needletail,Yes,Yes,,Yes,Yes,Yes,Yes,,,,,,Yes,,,,,Animalia,Aves,VU,2026
295,Hoplocephalus bungaroides,Broad-headed Snake,,Yes,,,,,,,,,,,,,,,,Animalia,Reptilia,EN,2026
296,Hoplogonus bornemisszai,Bornemissza's Stag Beetle,,,,,,Yes,,,,,,,,,,,,Animalia,Insecta,CR,2026
297,Hoplogonus simsoni,Simson's Stag Beetle,,,,,,Yes,,,,,,,,,,,,Animalia,Insecta,VU,2026
298,Hoplogonus vanderschoori,Vanderschoor's Stag Beetle,,,,,,Yes,,,,,,,,,,,,Animalia,Insecta,VU,2026
299,Hoplostethus atlanticus,Orange Roughy,,Yes,,,,Yes,,,,,,,,Yes,Yes,,Yes,Animalia,Actinopterygii,CD,2026
300,Hylacola cauta halmaturina,Shy Heathwren,,,,,Yes,,,,,,,,,,,,,Animalia,Aves,VU,2026
301,Hypochrysops piceatus,Bulloak Jewel Butterfly,,,,Yes,,,,,,,,,,,,,,Animalia,Insecta,CR,2026
302,Hypolimnus pedderensis,Lake Pedder Earthworm,,,,,,Yes,,,,,,,,,,,,Animalia,Oligochaeta,EX,2026
303,Hypotaenidia philippensis andrewsi,Buff-banded Rail,,,,,,,,,,Yes,,,,,,,,Animalia,Aves,EN,2026
304,Hypotaenidia philippensis macquariensis,Macquarie Island Buff-banded Rail,,,,,,Yes,,,,,,,,,,,,Animalia,Aves,EX,2026
305,Hypotaenidia sylvestris,Lord Howe Woodhen,,Yes,,,,,,,,,,,,,,,,Animalia,Aves,EN,2026
306,Hypseleotris gymnocephala,Bald Carp Gudgeon,,Yes,,,,,,,,,,,,,,,,Animalia,Actinopterygii,CR,2026
307,Hyridella glenelgensis,Glenelg Freshwater Mussel,,,,,,,Yes,,,,,,,,,,,Animalia,Bivalvia,CR,2026
308,Idiosoma nigrum,Shield-backed Trapdoor Spider,,,,,,,,Yes,,,,,,,,,,Animalia,Arachnida,VU,2026
309,Isoodon auratus auratus,Golden Bandicoot,,Yes,Yes,Yes,Yes,,Yes,Yes,,,,,,,,,,Animalia,Mammalia,VU,2026
310,Isoodon auratus barrowensis,Golden Bandicoot,,,,,,,,Yes,,,,,,,,,,Animalia,Mammalia,VU,2026
311,Isoodon obesulus nauticus,Southern Brown Bandicoot,,,,,Yes,,,,,,,,,,,,,Animalia,Mammalia,VU,2026
312,Isoodon obesulus obesulus,Southern Brown Bandicoot,Yes,Yes,,,Yes,,Yes,,,,,,Yes,,,,,Animalia,Mammalia,EN,2026
313,Keyacris scurra,Key's Matchstick Grasshopper,Yes,Yes,,,,,Yes,,,,,,,,,,,Animalia,Insecta,EN,2026
314,Kumonga exleyi,Cape Range Remipede,,,,,,,,Yes,,,,,,,,,,Animalia,Remipedia,VU,2026
315,Lagorchestes asomatus,Kuluwarri,,,Yes,,,,,Yes,,,,,,,,,,Animalia,Mammalia,EX,2026
316,Lagorchestes conspicillatus conspicillatus,Spectacled Hare-wallaby,,,,,,,,Yes,,,,,,,,,,Animalia,Mammalia,VU,2026
317,Lagorchestes hirsutus bernieri,Rufous Hare-wallaby,,,,,,,,Yes,,,,,,,,,,Animalia,Mammalia,VU,2026
318,Lagorchestes hirsutus Central Australian subspecies,Mala,,,Yes,Yes,Yes,,,Yes,,,,,,,,,,Animalia,Mammalia,EN,2026
319,Lagorchestes hirsutus dorreae,Rufous Hare-wallaby,,,,,,,,Yes,,,,,,,,,,Animalia,Mammalia,VU,2026
320,Lagorchestes hirsutus hirsutus,Rufous Hare-wallaby,,,,,,,,Yes,,,,,,,,,,Animalia,Mammalia,EX,2026
321,Lagorchestes leporides,Eastern Hare-wallaby,,Yes,,Yes,Yes,,Yes,,,,,,,,,,,Animalia,Mammalia,EX,2026
322,Lagostrophus fasciatus albipilis,Banded Hare-wallaby,,,,,,,,Yes,,,,,,,,,,Animalia,Mammalia,EX,2026
323,Lagostrophus fasciatus fasciatus,Banded Hare-wallaby,,,,,,,,Yes,,,,,,,,,,Animalia,Mammalia,VU,2026
324,Lalage leucopyga leucopyga,Norfolk Island Long-tailed Triller,,,,,,,,,,,,,,Yes,,,,Animalia,Aves,EX,2026
325,Lampropholis elliotensis,Mount Elliot Rainforest Sunskink,,,,Yes,,,,,,,,,,,,,,Animalia,Reptilia,EN,2026
326,Lampropholis elongata,Long Sunskink,,Yes,,,,,,,,,,,,,,,,Animalia,Reptilia,CR,2026
327,Lasiorhinus krefftii,Northern Hairy-nosed Wombat,,Yes,,Yes,,,,,,,,,,,,,,Animalia,Mammalia,CR,2026
328,Lathamus discolor,Swift Parrot,Yes,Yes,,Yes,Yes,Yes,Yes,,,,,,Yes,,,,Yes,Animalia,Aves,CR,2026
329,Leioproctus douglasiellus,a short-tongued bee,,,,,,,,Yes,,,,,,,,,,Animalia,Insecta,CR,2026
330,Leipoa ocellata,Malleefowl,,Yes,Yes,,Yes,,Yes,Yes,,,,,,,,,,Animalia,Aves,VU,2026
331,Lepidochelys olivacea,Olive Ridley Turtle,,Yes,Yes,Yes,,,,Yes,Yes,Yes,Yes,Yes,,,,,Yes,Animalia,Reptilia,EN,2026
332,Lepidodactylus listeri,Christmas Island Gecko,,,,,,,,,,,Yes,,,,,,,Animalia,Reptilia,CR,2026
333,Leporillus apicalis,Lesser Stick-nest Rat,,Yes,Yes,,Yes,,Yes,Yes,,,,,,,,,,Animalia,Mammalia,EX,2026
334,Leporillus conditor,Wopilkara,,Yes,,,Yes,,,Yes,,,,,,,,,,Animalia,Mammalia,VU,2026
335,Lerista allanae,Allan's Lerista,,,,Yes,,,,,,,,,,,,,,Animalia,Reptilia,EN,2026
336,Lerista colliveri,Nubbined Fine-lined Slider,,,,Yes,,,,,,,,,,,,,,Animalia,Reptilia,EN,2026
337,Lerista nevinae,Nevin's Slider,,,,,,,,Yes,,,,,,,,,,Animalia,Reptilia,EN,2026
338,Lerista rochfordensis,Rochford Slider,,,,Yes,,,,,,,,,,,,,,Animalia,Reptilia,EN,2026
339,Lerista vittata,Mount Cooper Striped Skink,,,,Yes,,,,,,,,,,,,,,Animalia,Reptilia,VU,2026
340,Leucocarbo atriceps nivalis,Imperial Shag,,,,,,,,,,,,,,,Yes,,Yes,Animalia,Aves,VU,2026
341,Leucocarbo atriceps purpurascens,Imperial Shag,,,,,,Yes,,,,,,,,,,,Yes,Animalia,Aves,VU,2026
342,Leucopatus anophthalmus,Blind Velvet Worm,,,,,,Yes,,,,,,,,,,,,Animalia,Onychophora (no class),EN,2026
343,Lewinia pectoralis clelandi,Western Australian Lewin's Rail,,,,,,,,Yes,,,,,,,,,,Animalia,Aves,EX,2026
344,Liasis olivaceus barroni,Pilbara Olive Python,,,,,,,,Yes,,,,,,,,,,Animalia,Reptilia,VU,2026
345,Lichenostomus melanops cassidix,Helmeted Honeyeater,,,,,,,Yes,,,,,,,,,,,Animalia,Aves,CR,2026
346,Limnodromus semipalmatus,Asian Dowitcher,,Yes,Yes,Yes,,,,Yes,Yes,,,,,,,,,Animalia,Aves,VU,2026
347,Limosa lapponica baueri,Nunivak Bar-tailed Godwit,,Yes,Yes,Yes,Yes,Yes,Yes,Yes,,,,,,Yes,,,,Animalia,Aves,EN,2026
348,Limosa lapponica menzbieri,Northern Siberian Bar-tailed Godwit,,,Yes,Yes,,,,Yes,Yes,,,,,,,,,Animalia,Aves,EN,2026
349,Limosa limosa,Black-tailed Godwit,,Yes,Yes,Yes,Yes,Yes,Yes,Yes,,,,,,,,,,Animalia,Aves,EN,2026
350,Liopholis guthega,Guthega Skink,,Yes,,,,,Yes,,,,,,,,,,,Animalia,Reptilia,EN,2026
351,Liopholis kintorei,Great Desert Skink,,,Yes,,Yes,,,Yes,,,,,,,,,,Animalia,Reptilia,VU,2026
352,Liopholis montana,Mountain Skink,Yes,Yes,,,,,Yes,,,,,,,,,,,Animalia,Reptilia,EN,2026
353,Liopholis pulchra longicauda,Jurien Bay Skink,,,,,,,,Yes,,,,,,,,,,Animalia,Reptilia,VU,2026
354,Liopholis slateri slateri,Slater's Skink,,,Yes,,,,,,,,,,,,,,,Animalia,Reptilia,EN,2026
355,Lissolepis coventryi,Swamp Skink,,Yes,,,Yes,,Yes,,,,,,,,,,,Animalia,Reptilia,EN,2026
356,Lissotes latidens,Broad-toothed Stag Beetle,,,,,,Yes,,,,,,,,,,,,Animalia,Insecta,EN,2026
357,Litoria aurea,Green and Golden Bell Frog,Yes,Yes,,,,,Yes,,,,,,Yes,,,,,Animalia,Amphibia,VU,2026
358,Litoria booroolongensis,Booroolong Frog,Yes,Yes,,,,,Yes,,,,,,,,,,,Animalia,Amphibia,EN,2026
359,Litoria castanea,Yellow-spotted Tree Frog,Yes,Yes,,,,,,,,,,,,,,,,Animalia,Amphibia,CR,2026
360,Litoria daviesae,Davies' Tree Frog,,Yes,,,,,,,,,,,,,,,,Animalia,Amphibia,VU,2026
361,Litoria dayi,Australian Lace-lid,,,,Yes,,,,,,,,,,,,,,Animalia,Amphibia,VU,2026
362,Litoria kroombitensis,Kroombit Treefrog,,,,Yes,,,,,,,,,,,,,,Animalia,Amphibia,CR,2026
363,Litoria littlejohni,Northern Heath Frog,,Yes,,,,,,,,,,,,,,,,Animalia,Amphibia,EN,2026
364,Litoria lorica,Armoured Mist Frog,,,,Yes,,,,,,,,,,,,,,Animalia,Amphibia,CR,2026
365,Litoria myola,Kuranda Tree Frog,,,,Yes,,,,,,,,,,,,,,Animalia,Amphibia,CR,2026
366,Litoria nyakalensis,Mountain Mist Frog,,,,Yes,,,,,,,,,,,,,,Animalia,Amphibia,CR,2026
367,Litoria olongburensis,Wallum Sedge Frog,,Yes,,Yes,,,,,,,,,,,,,,Animalia,Amphibia,VU,2026
368,Litoria piperata,Peppered Tree Frog,,Yes,,,,,,,,,,,,,,,,Animalia,Amphibia,VU,2026
369,Litoria raniformis,Southern Bell Frog,Yes,Yes,,,Yes,Yes,Yes,,,,,,,,,,,Animalia,Amphibia,VU,2026
370,Litoria spenceri,Spotted Tree Frog,,Yes,,,,,Yes,,,,,,,,,,,Animalia,Amphibia,CR,2026
371,Litoria subglandulosa,New England Tree Frog,,Yes,,Yes,,,,,,,,,,,,,,Animalia,Amphibia,VU,2026
372,Litoria verreauxii alpina,Alpine Tree Frog,Yes,Yes,,,,,Yes,,,,,,,,,,,Animalia,Amphibia,VU,2026
373,Litoria watsoni,Southern Heath Frog,,Yes,,,,,Yes,,,,,,,,,,,Animalia,Amphibia,EN,2026
374,Lophochroa leadbeateri leadbeateri,Major Mitchell's Cockatoo,,Yes,,Yes,Yes,,Yes,,,,,,,,,,,Animalia,Aves,EN,2026
375,Lucasium occultum,Yellow-snouted Gecko,,,Yes,,,,,,,,,,,,,,,Animalia,Reptilia,EN,2026
376,Maccullochella ikei,Clarence River Cod,,Yes,,,,,,,,,,,,,,,,Animalia,Actinopterygii,EN,2026
377,Maccullochella macquariensis,Trout Cod,Yes,Yes,,,Yes,,Yes,,,,,,,,,,,Animalia,Actinopterygii,EN,2026
378,Maccullochella mariensis,Mary River Cod,,,,Yes,,,,,,,,,,,,,,Animalia,Actinopterygii,EN,2026
379,Maccullochella peelii,Murray Cod,Yes,Yes,,Yes,Yes,,Yes,,,,,,,,,,,Animalia,Actinopterygii,VU,2026
380,Macquaria australasica,Macquarie Perch,Yes,Yes,,,Yes,,Yes,,,,,,,,,,,Animalia,Actinopterygii,EN,2026
381,Macroderma gigas,Ghost Bat,,,Yes,Yes,Yes,,,Yes,,,,,,,,,,Animalia,Mammalia,VU,2026
382,Macronectes giganteus,Southern Giant-Petrel,,Yes,,Yes,Yes,Yes,Yes,Yes,,,,Yes,Yes,Yes,Yes,Yes,Yes,Animalia,Aves,EN,2026
383,Macronectes halli,Northern Giant Petrel,,Yes,,Yes,Yes,Yes,Yes,Yes,,,,Yes,Yes,Yes,Yes,Yes,Yes,Animalia,Aves,VU,2026
384,Macrotis lagotis,Greater Bilby,,Yes,Yes,Yes,Yes,,,Yes,,,,,,,,,,Animalia,Mammalia,VU,2026
385,Macrotis leucura,Yallara,,,Yes,Yes,Yes,,,Yes,,,,,,,,,,Animalia,Mammalia,EX,2026
386,Malurus coronatus coronatus,Purple-crowned Fairy-wren,,,Yes,,,,,Yes,,,,,,,,,,Animalia,Aves,EN,2026
387,Malurus leucopterus edouardi,White-winged Fairy-wren,,,,,,,,Yes,,,,,,,,,,Animalia,Aves,VU,2026
388,Malurus leucopterus leucopterus,White-winged Fairy-wren,,,,,,,,Yes,,,,,,,,,,Animalia,Aves,VU,2026
389,Manorina melanotis,Black-eared Miner,,Yes,,,Yes,,Yes,,,,,,,,,,,Animalia,Aves,EN,2026
390,Marginaster littoralis,Derwent River Seastar,,,,,,Yes,,,,,,,,,,,,Animalia,Asteroidea,CR,2026
391,Mastacomys fuscus mordicus,Broad-toothed Rat,Yes,Yes,,,Yes,,Yes,,,,,,,,,,,Animalia,Mammalia,EN,2026
392,Mathewsoconcha grayi ms,Gray's Helicarionid Land Snail,,,,,,,,,,,,,,Yes,,,,Animalia,Gastropoda,CR,2026
393,Mathewsoconcha phillipii,Phillip Island Helicarionid Land Snail,,,,,,,,,,,,,,Yes,,,,Animalia,Gastropoda,CR,2026
394,Mathewsoconcha suteri,Suter's Striped Glass-snail,,,,,,,,,,,,,,Yes,,,,Animalia,Gastropoda,CR,2026
395,Megascolides australis,Giant Gippsland Earthworm,,,,,,,Yes,,,,,,,,,,,Animalia,Oligochaeta,VU,2026
396,Melanodryas cucullata cucullata,South-eastern Hooded Robin,Yes,Yes,,Yes,Yes,,Yes,,,,,,,,,,,Animalia,Aves,EN,2026
397,Melanodryas cucullata melvillensis,Tiwi Islands Hooded Robin,,,Yes,,,,,,,,,,,,,,,Animalia,Aves,CR,2026
398,Melanotaenia eachamensis,Lake Eacham Rainbowfish,,,,Yes,,,,,,,,,,,,,,Animalia,Actinopterygii,EN,2026
399,Melanotaenia sp. nov. 'Malanda',Malanda Rainbowfish,,,,Yes,,,,,,,,,,,,,,Animalia,Actinopterygii,CR,2026
400,Melanotaenia sp. nov. 'Running River',Running River Rainbowfish,,,,Yes,,,,,,,,,,,,,,Animalia,Actinopterygii,CR,2026
401,Melithreptus brevirostris magnirostris,Kangaroo Island Brown-headed Honeyeater,,,,,Yes,,,,,,,,,,,,,Animalia,Aves,EN,2026
402,Melomys rubicola,Bramble Cay Melomys,,,,Yes,,,,,,,,,,,,,,Animalia,Mammalia,EX,2026
403,Meridolum maryae,Maroubra Woodland Snail,,Yes,,,,,,,,,,,,,,,,Animalia,Gastropoda,EN,2026
404,Mesembriomys gouldii gouldii,Black-footed Tree-rat,,,Yes,,,,,Yes,,,,,,,,,,Animalia,Mammalia,EN,2026
405,Mesembriomys gouldii melvillensis,Black-footed Tree-rat,,,Yes,,,,,,,,,,,,,,,Animalia,Mammalia,VU,2026
406,Mesembriomys gouldii rattoides,Black-footed Tree-rat,,,,Yes,,,,,,,,,,,,,,Animalia,Mammalia,VU,2026
407,Mesodontrachia fitzroyana,Fitzroy Land Snail,,,Yes,,,,,,,,,,,,,,,Animalia,Gastropoda,EN,2026
408,Micropathus kiernani,Francistown Cave Cricket,,,,,,Yes,,,,,,,,,,,,Animalia,Insecta,CR,2026
409,Milyeringa justitia,Barrow Cave Gudgeon,,,,,,,,Yes,,,,,,,,,,Animalia,Actinopterygii,EN,2026
410,Milyeringa veritas,Cape Range Cave Gudgeon,,,,,,,,Yes,,,,,,,,,,Animalia,Actinopterygii,VU,2026
411,Miniopterus orianae bassanii,Southern Bent-wing Bat,,,,,Yes,,Yes,,,,,,,,,,,Animalia,Mammalia,CR,2026
412,Mirafra javanica melvillensis,Horsfield's Bushlark,,,Yes,,,,,,,,,,,,,,,Animalia,Aves,VU,2026
413,Mirounga leonina,Southern Elephant Seal,,,,,Yes,Yes,,,,,,,,,Yes,Yes,Yes,Animalia,Mammalia,VU,2026
414,Mixophyes balbus,Stuttering Frog,,Yes,,Yes,,,Yes,,,,,,,,,,,Animalia,Amphibia,VU,2026
415,Mixophyes fleayi,Fleay's Frog,,Yes,,Yes,,,,,,,,,,,,,,Animalia,Amphibia,EN,2026
416,Mixophyes iteratus,Giant Barred Frog,,Yes,,Yes,,,,,,,,,,,,,,Animalia,Amphibia,VU,2026
417,Moggridgea rainbowi,Kangaroo Island Micro-trapdoor Spider,,,,,Yes,,,,,,,,,,,,,Animalia,Arachnida,EN,2026
418,Mogurnda adspersa (Murray-Darling Basin population),Southern Purple Spotted Gudgeon,,Yes,,Yes,Yes,,Yes,,,,,,,,,,,Animalia,Actinopterygii,EN,2026
419,Mogurnda clivicola,Flinders Ranges Mogurnda,,,,Yes,Yes,,,,,,,,,,,,,Animalia,Actinopterygii,EN,2026
420,Mogurnda thermophila,Dalhousie Mogurnda,,,,,Yes,,,,,,,,,,,,,Animalia,Actinopterygii,CR,2026
421,Mordacia praecox,Non-parasitic Lamprey,,Yes,,Yes,,,Yes,,,,,,,,,,,Animalia,Cephalaspidomorphi,EN,2026
422,Myrmecobius fasciatus,Numbat,,Yes,Yes,,Yes,,,Yes,,,,,,,,,,Animalia,Mammalia,EN,2026
423,Mystivagor mastersi,Masters' Charopid Land Snail,,Yes,,,,,,,,,,,,,,,,Animalia,Gastropoda,CR,2026
424,Myuchelys belli,Western Sawshelled Turtle,,Yes,,Yes,,,,,,,,,,,,,,Animalia,Reptilia,EN,2026
425,Myuchelys purvisi,Manning River Saw-Shelled Turtle,,Yes,,,,,,,,,,,,,,,,Animalia,Reptilia,EN,2026
426,Nangura spinosa,Nangur Spiny Skink,,,,Yes,,,,,,,,,,,,,,Animalia,Reptilia,CR,2026
427,Nannatherina balstoni,Balston's Pygmy Perch,,,,,,,,Yes,,,,,,,,,,Animalia,Actinopterygii,VU,2026
428,Nannoperca australis Murray-Darling Basin lineage,Southern Pygmy Perch,,Yes,,,Yes,,Yes,,,,,,,,,,,Animalia,Actinopterygii,VU,2026
429,Nannoperca obscura,Yarra Pygmy Perch,,,,,Yes,,Yes,,,,,,,,,,,Animalia,Actinopterygii,EN,2026
430,Nannoperca oxleyana,Oxleyan Pygmy Perch,,Yes,,Yes,,,,,,,,,,,,,,Animalia,Actinopterygii,EN,2026
431,Nannoperca pygmaea,Little Pygmy Perch,,,,,,,,Yes,,,,,,,,,,Animalia,Actinopterygii,EN,2026
432,Nannoperca variegata,Variegated Pygmy Perch,,,,,Yes,,Yes,,,,,,,,,,,Animalia,Actinopterygii,VU,2026
433,Natator depressus,Flatback Turtle,,Yes,Yes,Yes,,,,Yes,Yes,Yes,Yes,Yes,Yes,Yes,,,Yes,Animalia,Reptilia,VU,2026
434,Neoceratodus forsteri,Australian Lungfish,,,,Yes,,,,,,,,,,,,,,Animalia,Sarcopterygii,VU,2026
435,Neochanna cleaveri,Australian Mudfish,,,,,Yes,Yes,Yes,,,,,,,,,,,Animalia,Actinopterygii,EN,2026
436,Neochmia ruficauda ruficauda,Star Finch,,Yes,,Yes,,,,,,,,,,,,,,Animalia,Aves,EN,2026
437,Neopasiphae simplicior,A native bee,,,,,,,,Yes,,,,,,,,,,Animalia,Insecta,CR,2026
438,Neophema chrysogaster,Orange-bellied Parrot,,Yes,,,Yes,Yes,Yes,,,,,,Yes,,,,Yes,Animalia,Aves,CR,2026
439,Neophema chrysostoma,Blue-winged Parrot,Yes,Yes,Yes,Yes,Yes,Yes,Yes,,,,,,,,,,,Animalia,Aves,VU,2026
440,Neophoca cinerea,Australian Sea-lion,,,,,Yes,,Yes,Yes,,,,,,,,,Yes,Animalia,Mammalia,EN,2026
441,Neosilurus gloveri,Dalhousie Catfish,,,,,Yes,,,,,,,,,,,,,Animalia,Actinopterygii,CR,2026
442,Nesoptilotis leucotis thomasi,Kangaroo Island White-eared Honeyeater,,,,,Yes,,,,,,,,,,,,,Animalia,Aves,EN,2026
443,Nestor productus,Norfolk Island Kaka,,,,,,,,,,,,,,Yes,,,,Animalia,Aves,EX,2026
444,Ninox natalis,Christmas Island Hawk-Owl,,,,,,,,,,,Yes,,,,,,,Animalia,Aves,VU,2026
445,Ninox novaeseelandiae albaria,Lord Howe Southern Boobook,,Yes,,,,,,,,,,,,,,,,Animalia,Aves,EX,2026
446,Ninox novaeseelandiae undulata,Norfolk Island Boobook,,,,,,,,,,,,,,Yes,,,,Animalia,Aves,EN,2026
447,Notamacropus greyi,Toolache Wallaby,,,,,Yes,,Yes,,,,,,,,,,,Animalia,Mammalia,EX,2026
448,Notamacropus parma,Parma Wallaby,,Yes,,,,,,,,,,,,,,,,Animalia,Mammalia,VU,2026
449,Notechis scutatus ater,Krefft's Tiger Snake,,,,,Yes,,,,,,,,,,,,,Animalia,Reptilia,VU,2026
450,Notomys amplus,Short-tailed Hopping-mouse,,,Yes,,Yes,,,Yes,,,,,,,,,,Animalia,Mammalia,EX,2026
451,Notomys aquilo,Northern Hopping-mouse,,,Yes,Yes,,,,,,,,,,,,,,Animalia,Mammalia,EN,2026
452,Notomys fuscus,Dusky Hopping-mouse,,Yes,Yes,Yes,Yes,,,,,,,,,,,,,Animalia,Mammalia,VU,2026
453,Notomys longicaudatus,Long-tailed Hopping-mouse,,Yes,Yes,,Yes,,,Yes,,,,,,,,,,Animalia,Mammalia,EX,2026
454,Notomys macrotis,Large-eared Hopping-mouse,,,,,,,,Yes,,,,,,,,,,Animalia,Mammalia,EX,2026
455,Notomys mordax,Darling Downs Hopping-mouse,,Yes,,Yes,,,,,,,,,,,,,,Animalia,Mammalia,EX,2026
456,Notomys robustus,Broad-cheeked Hopping-mouse,,,,,Yes,,,,,,,,,,,,,Animalia,Mammalia,EX,2026
457,Numenius madagascariensis,Eastern Curlew,,Yes,Yes,Yes,Yes,Yes,Yes,Yes,Yes,,,Yes,Yes,Yes,,,Yes,Animalia,Aves,CR,2026
458,Nurus atlas,Atlas Rainforest Ground-beetle,,Yes,,,,,,,,,,,,,,,,Animalia,Insecta,CR,2026
459,Nyctophilopython oenpelliensis,Nawaran,,,Yes,,,,,,,,,,,,,,,Animalia,Reptilia,VU,2026
460,Nyctophilus corbeni,Corben's Long-eared Bat,,Yes,,Yes,Yes,,Yes,,,,,,,,,,,Animalia,Mammalia,VU,2026
461,Nyctophilus howensis,Lord Howe Long-eared Bat,,Yes,,,,,,,,,,,,,,,,Animalia,Mammalia,EX,2026
462,Oedura lineata,Arcadia Velvet Gecko,,,,Yes,,,,,,,,,,,,,,Animalia,Reptilia,CR,2026
463,Ogyris subterrestris petrina,Arid Bronze Azure,,,,,,,,Yes,,,,,,,,,,Animalia,Insecta,CR,2026
464,Oligosoma lichenigerum,Lord Howe and Norfolk Islands Skink,,Yes,,,,,,,,,,,,Yes,,,,Animalia,Reptilia,VU,2026
465,Onychogalea fraenata,Bridled Nail-tail Wallaby,,Yes,,Yes,Yes,,Yes,,,,,,,,,,,Animalia,Mammalia,EN,2026
466,Onychogalea lunata,Crescent Nailtail Wallaby,,Yes,Yes,,Yes,,,Yes,,,,,,,,,,Animalia,Mammalia,EX,2026
467,Ophidiocephalus taeniatus,Bronzeback Snake-lizard,,,Yes,,Yes,,,,,,,,,,,,,Animalia,Reptilia,VU,2026
468,Ophisternon candidum,Blind Cave Eel,,,,,,,,Yes,,,,,,,,,,Animalia,Actinopterygii,VU,2026
469,Orcaella heinsohni,Australian Snubfin  Dolphin,,,Yes,Yes,,,,Yes,,,,,,,,,Yes,Animalia,Mammalia,VU,2026
470,Ordtrachia septentrionalis,Rosewood Keeled Snail,,,Yes,,,,,Yes,,,,,,,,,,Animalia,Gastropoda,CR,2026
471,Oreisplanus munionga larana,Marrawah Skipper,,,,,,Yes,,,,,,,,,,,,Animalia,Insecta,VU,2026
472,Oreixenica ptunarra,Ptunarra Brown,,,,,,Yes,,,,,,,,,,,,Animalia,Insecta,EN,2026
473,Orraya occultus,Long-necked Northern Leaf-tailed Gecko,,,,Yes,,,,,,,,,,,,,,Animalia,Reptilia,CR,2026
474,Osphranter robustus isabellinus,Barrow Island Wallaroo,,,,,,,,Yes,,,,,,,,,,Animalia,Mammalia,VU,2026
475,Pachycephala pectoralis xanthoprocta,Golden Whistler,,,,,,,,,,,,,,Yes,,,,Animalia,Aves,VU,2026
476,Pachycephala rufogularis,Red-lored Whistler,,Yes,,,Yes,,Yes,,,,,,,,,,,Animalia,Aves,VU,2026
477,Pachyptila turtur subantarctica,Fairy Prion,,Yes,,Yes,Yes,Yes,Yes,Yes,,,,,Yes,,Yes,Yes,Yes,Animalia,Aves,VU,2026
478,Papasula abbotti,Abbott's Booby,,,,,,,,,,,Yes,,,,,,Yes,Animalia,Aves,EN,2026
479,Paragalaxias dissimilis,Shannon Paragalaxias,,,,,,Yes,,,,,,,,,,,,Animalia,Actinopterygii,VU,2026
480,Paragalaxias eleotroides,Great Lake Paragalaxias,,,,,,Yes,,,,,,,,,,,,Animalia,Actinopterygii,VU,2026
481,Paragalaxias mesotes,Arthurs Paragalaxias,,,,,,Yes,,,,,,,,,,,,Animalia,Actinopterygii,EN,2026
482,Paralucia pyrodiscus lucida,Eltham Copper Butterfly,,,,,,,Yes,,,,,,,,,,,Animalia,Insecta,EN,2026
483,Paralucia spinifera,Bathurst Copper Butterfly,,Yes,,,,,,,,,,,,,,,,Animalia,Insecta,VU,2026
484,Parantechinus apicalis,Dibbler,,,,,,,,Yes,,,,,,,,,,Animalia,Mammalia,EN,2026
485,Pardalotus quadragintus,Forty-spotted Pardalote,,,,,,Yes,,,,,,,,,,,,Animalia,Aves,EN,2026
486,Parvulastra vivipara,Tasmanian Live-bearing Seastar,,,,,,Yes,,,,,,,,,,,,Animalia,Asteroidea,VU,2026
487,Pedionomus torquatus,Plains-wanderer,,Yes,Yes,Yes,Yes,,Yes,,,,,,,,,,,Animalia,Aves,CR,2026
488,Perameles bougainville,Shark Bay Bandicoot,,Yes,,,Yes,,,Yes,,,,,,,,,,Animalia,Mammalia,EN,2026
489,Perameles bougainville fasciata,Western Barred Bandicoot,,Yes,,,,,,,,,,,,,,,,Animalia,Mammalia,EX,2026
490,Perameles eremiana,Desert Bandicoot,,,Yes,,Yes,,,Yes,,,,,,,,,,Animalia,Mammalia,EX,2026
491,Perameles gunnii gunnii,Eastern Barred Bandicoot,,,,,,Yes,,,,,,,,,,,,Animalia,Mammalia,VU,2026
492,Perameles gunnii Victorian subspecies,Eastern Barred Bandicoot,,,,,Yes,,Yes,,,,,,,,,,,Animalia,Mammalia,EN,2026
493,Perameles myosurus,Marl,,,,,,,,Yes,,,,,,,,,,Animalia,Mammalia,EX,2026
494,Perameles notina,South-eastern Striped Bandicoot,,,,,Yes,,Yes,,,,,,,,,,,Animalia,Mammalia,EX,2026
495,Perameles papillon,Butterfly Bandicoot,,,,,Yes,,,Yes,,,,,,,,,,Animalia,Mammalia,EX,2026
496,Pericryptodrilus nanus,Lord Howe Earthworm,,Yes,,,,,,,,,,,,,,,,Animalia,Oligochaeta,CR,2026
497,Petauroides minor,Greater Glider,,,,Yes,,,,,,,,,,,,,,Animalia,Mammalia,VU,2026
498,Petauroides volans,Greater Glider,Yes,Yes,,Yes,,,Yes,,,,,,Yes,,,,,Animalia,Mammalia,EN,2026
499,Petaurus australis australis,Yellow-bellied Glider,Yes,Yes,,Yes,,,Yes,,,,,,Yes,,,,,Animalia,Mammalia,VU,2026
500,Petaurus australis Wet Tropics subspecies,Yellow-bellied Glider,,,,Yes,,,,,,,,,,,,,,Animalia,Mammalia,EN,2026
501,Petaurus gracilis,Mahogany Glider,,,,Yes,,,,,,,,,,,,,,Animalia,Mammalia,EN,2026
502,Petrogale coenensis,Cape York Rock-wallaby,,,,Yes,,,,,,,,,,,,,,Animalia,Mammalia,EN,2026
503,Petrogale concinna canescens,Nabarlek,,,Yes,,,,,,,,,,,,,,,Animalia,Mammalia,EN,2026
504,Petrogale concinna concinna,Nabarlek,,,Yes,,,,,,,,,,,,,,,Animalia,Mammalia,CR,2026
505,Petrogale concinna monastria,Nabarlek,,,,,,,,Yes,,,,,,,,,,Animalia,Mammalia,EN,2026
506,Petrogale lateralis centralis,Warru,,,Yes,,Yes,,,Yes,,,,,,,,,,Animalia,Mammalia,VU,2026
507,Petrogale lateralis hacketti,Recherche Rock-wallaby,,,,,,,,Yes,,,,,,,,,,Animalia,Mammalia,VU,2026
508,Petrogale lateralis kimberleyensis,Wiliji,,,,,,,,Yes,,,,,,,,,,Animalia,Mammalia,EN,2026
509,Petrogale lateralis lateralis,Black-flanked Rock-wallaby,,,,,,,,Yes,,,,,,,,,,Animalia,Mammalia,EN,2026
510,Petrogale penicillata,Brush-tailed Rock-wallaby,Yes,Yes,,Yes,,,Yes,,,,,,,,,,,Animalia,Mammalia,VU,2026
511,Petrogale persephone,Proserpine Rock-wallaby,,,,Yes,,,,,,,,,,,,,,Animalia,Mammalia,EN,2026
512,Petrogale sharmani,Mount Claro Rock Wallaby,,,,Yes,,,,,,,,,,,,,,Animalia,Mammalia,VU,2026
513,Petrogale xanthopus celeris,Yellow-footed Rock-wallaby,,,,Yes,,,,,,,,,,,,,,Animalia,Mammalia,VU,2026
514,Petrogale xanthopus xanthopus,Yellow-footed Rock-wallaby,,Yes,,,Yes,,,,,,,,,,,,,Animalia,Mammalia,VU,2026
515,Petroica multicolor,Norfolk Island Robin,,,,,,,,,,,,,,Yes,,,,Animalia,Aves,VU,2026
516,Pezoporus flaviventris,Western Ground Parrot,,,,,,,,Yes,,,,,,,,,,Animalia,Aves,CR,2026
517,Pezoporus occidentalis,Night Parrot,,Yes,Yes,Yes,Yes,,Yes,Yes,,,,,,,,,,Animalia,Aves,CR,2026
518,Phaethon lepturus fulvus,Christmas Island White-tailed Tropicbird,,,,,,,,,Yes,,Yes,,,,,,Yes,Animalia,Aves,EN,2026
519,Phaethon rubricauda westralis,Red-tailed Tropicbird,,,,,,,,Yes,Yes,Yes,Yes,,,,,,Yes,Animalia,Aves,EN,2026
520,Phascogale calura,Red-tailed Phascogale,,Yes,Yes,,Yes,,Yes,Yes,,,,,,,,,,Animalia,Mammalia,VU,2026
521,Phascogale pirata,Northern Brush-tailed Phascogale,,,Yes,,,,,,,,,,,,,,,Animalia,Mammalia,VU,2026
522,Phascogale tapoatafa kimberleyensis,Kimberley brush-tailed phascogale,,,,,,,,Yes,,,,,,,,,,Animalia,Mammalia,VU,2026
523,"Phascolarctos cinereus (combined populations of Qld, NSW and the ACT)",Koala,Yes,Yes,,Yes,,,,,,,,,Yes,,,,,Animalia,Mammalia,EN,2026
524,Philoria frosti,Baw Baw Frog,,,,,,,Yes,,,,,,,,,,,Animalia,Amphibia,CR,2026
525,Philoria knowlesi,Mount Ballow Mountain Frog,,Yes,,Yes,,,,,,,,,,,,,,Animalia,Amphibia,EN,2026
526,Philoria kundagungan,Mountain Frog,,Yes,,Yes,,,,,,,,,,,,,,Animalia,Amphibia,EN,2026
527,Philoria pughi,Pugh's Sphagnum Frog,,Yes,,,,,,,,,,,,,,,,Animalia,Amphibia,EN,2026
528,Philoria richmondensis,Richmond Range Sphagnum Frog,,Yes,,,,,,,,,,,,,,,,Animalia,Amphibia,EN,2026
529,Philoria sphagnicola,Sphagnum Frog,,Yes,,,,,,,,,,,,,,,,Animalia,Amphibia,VU,2026
530,Phoebetria fusca,Sooty Albatross,,Yes,,Yes,Yes,Yes,Yes,Yes,,,,,,,Yes,,Yes,Animalia,Aves,VU,2026
531,Phyllodes imperialis smithersi,Pink Underwing Moth,,Yes,,Yes,,,,,,,,,,,,,,Animalia,Insecta,EN,2026
532,Phyllurus caudiannulatus,Ringed Thin-tail Gecko,,,,Yes,,,,,,,,,,,,,,Animalia,Reptilia,EN,2026
533,Phyllurus gulbaru,Gulbaru Gecko,,,,Yes,,,,,,,,,,,,,,Animalia,Reptilia,CR,2026
534,Phyllurus kabikabi,Oakview Leaf-tailed Gecko,,,,Yes,,,,,,,,,,,,,,Animalia,Reptilia,CR,2026
535,Phyllurus pinnaclensis,Pinnacles Leaf-tailed Gecko,,,,Yes,,,,,,,,,,,,,,Animalia,Reptilia,CR,2026
536,Pipistrellus murrayi,Christmas Island Pipistrelle,,,,,,,,,,,Yes,,,,,,,Animalia,Mammalia,EX,2026
537,Placostylus bivaricosus,Lord Howe Flax Snail,,Yes,,,,,,,,,,,,,,,,Animalia,Gastropoda,EN,2026
538,Platycercus caledonicus brownii,Green Rosella,,,,,,Yes,,,,,,,,,,,,Animalia,Aves,VU,2026
539,Platycercus elegans melanopterus,Kangaroo Island Crimson Rosella,,,,,Yes,,,,,,,,,,,,,Animalia,Aves,VU,2026
540,Pluvialis squatarola,Grey Plover,,Yes,Yes,Yes,Yes,Yes,Yes,Yes,,,,,,,,,,Animalia,Aves,VU,2026
541,Poephila cincta cincta,Southern Black-throated Finch,,Yes,,Yes,,,,,,,,,,,,,,Animalia,Aves,EN,2026
542,Polytelis alexandrae,Princess Parrot,,,Yes,,Yes,,,Yes,,,,,,,,,,Animalia,Aves,VU,2026
543,Polytelis anthopeplus monarchoides,Regent Parrot,,Yes,,,Yes,,Yes,,,,,,,,,,,Animalia,Aves,VU,2026
544,Polytelis swainsonii,Superb Parrot,Yes,Yes,,,,,Yes,,,,,,,,,,,Animalia,Aves,VU,2026
545,Pommerhelix duralensis,Dural Land Snail,,Yes,,,,,,,,,,,,,,,,Animalia,Gastropoda,EN,2026
546,Porphyrio albus,White Gallinule,,Yes,,,,,,,,,,,,,,,,Animalia,Aves,EX,2026
547,Potorous gilbertii,Gilbert's Potoroo,,,,,,,,Yes,,,,,,,,,,Animalia,Mammalia,CR,2026
548,Potorous longipes,Long-footed Potoroo,,Yes,,,,,Yes,,,,,,,,,,,Animalia,Mammalia,EN,2026
549,Potorous platyops,Broad-faced Potoroo,,,,,,,,Yes,,,,,,,,,,Animalia,Mammalia,EX,2026
550,Potorous tridactylus tridactylus,Long-nosed Potoroo,,Yes,,Yes,,,,,,,,,Yes,,,,,Animalia,Mammalia,VU,2026
551,Potorous tridactylus trisulcatus,Long-nosed Potoroo,,Yes,,,Yes,,Yes,,,,,,,,,,,Animalia,Mammalia,VU,2026
552,Pristis clavata,Dwarf Sawfish,,,Yes,Yes,,,,Yes,,,,,,,,,Yes,Animalia,Chondrichthyes,VU,2026
553,Pristis pristis,Largetooth Sawfish,,,Yes,Yes,,,,Yes,,,,,,,,,Yes,Animalia,Chondrichthyes,EN,2026
554,Pristis zijsron,Green Sawfish,,Yes,Yes,Yes,,,,Yes,,,,,,,,,Yes,Animalia,Chondrichthyes,VU,2026
555,Probosciger aterrimus macgillivrayi,Southern Palm Cockatoo,,,,Yes,,,,,,,,,,,,,,Animalia,Aves,EN,2026
556,Promethis sterrha,a beetle,,Yes,,,,,,,,,,,,,,,,Animalia,Insecta,CR,2026
557,Prototroctes maraena,Australian Grayling,,Yes,,,Yes,Yes,Yes,,,,,,Yes,,,,Yes,Animalia,Actinopterygii,VU,2026
558,Psephotus chrysopterygius,Golden-shouldered Parrot,,,,Yes,,,,,,,,,,,,,,Animalia,Aves,EN,2026
559,Psephotus pulcherrimus,Paradise Parrot,,Yes,,Yes,,,,,,,,,,,,,,Animalia,Aves,EX,2026
560,Pseudemoia cryodroma,Alpine Bog Skink,,Yes,,,,,Yes,,,,,,,,,,,Animalia,Reptilia,EN,2026
561,Pseudemoia rawlinsoni,Glossy Grass Skink,Yes,Yes,,,Yes,Yes,Yes,,,,,,,,,,,Animalia,Reptilia,VU,2026
562,Pseudemydura umbrina,Western Swamp Tortoise,,,,,,,,Yes,,,,,,,,,,Animalia,Reptilia,CR,2026
563,Pseudocharopa ledgbirdi,Mount Lidgbird Charopid Land Snail,,Yes,,,,,,,,,,,,,,,,Animalia,Gastropoda,CR,2026
564,Pseudocharopa whiteleggei,Whitelegge's Land Snail,,Yes,,,,,,,,,,,,,,,,Animalia,Gastropoda,CR,2026
565,Pseudocheirus occidentalis,Western Ringtail Possum,,,,,,,,Yes,,,,,,,,,,Animalia,Mammalia,CR,2026
566,Pseudococcus markharveyi,Banksia montana mealybug,,,,,,,,Yes,,,,,,,,,,Animalia,Insecta,CR,2026
567,Pseudomugil mellis,Honey Blue Eye,,,,Yes,,,,,,,,,,,,,,Animalia,Actinopterygii,EN,2026
568,Pseudomys auritus,Long-eared Mouse,,,,,Yes,,Yes,,,,,,,,,,,Animalia,Mammalia,EX,2026
569,Pseudomys australis,Plains Rat,,Yes,Yes,Yes,Yes,,,Yes,,,,,,,,,,Animalia,Mammalia,VU,2026
570,Pseudomys fieldi,Shark Bay Mouse,,,Yes,,Yes,,,Yes,,,,,,,,,,Animalia,Mammalia,VU,2026
571,Pseudomys fumeus,Smoky Mouse,Yes,Yes,,,Yes,,Yes,,,,,,,,,,,Animalia,Mammalia,EN,2026
572,Pseudomys glaucus,Blue-grey Mouse,,Yes,,Yes,,,,,,,,,,,,,,Animalia,Mammalia,EX,2026
573,Pseudomys gouldii,Gould's Mouse,,Yes,,Yes,Yes,,Yes,Yes,,,,,,,,,,Animalia,Mammalia,EX,2026
574,Pseudomys novaehollandiae,Pookila,Yes,Yes,,Yes,,Yes,Yes,,,,,,Yes,,,,,Animalia,Mammalia,VU,2026
575,Pseudomys oralis,Hastings River Mouse,,Yes,,Yes,,,,,,,,,,,,,,Animalia,Mammalia,EN,2026
576,Pseudomys pilligaensis,Pilliga Mouse,,Yes,,,,,,,,,,,,,,,,Animalia,Mammalia,VU,2026
577,Pseudomys shortridgei,Heath Mouse,,,,,Yes,,Yes,Yes,,,,,,,,,,Animalia,Mammalia,EN,2026
578,Pseudophryne corroboree,Southern Corroboree Frog,,Yes,,,,,,,,,,,,,,,,Animalia,Amphibia,CR,2026
579,Pseudophryne covacevichae,Magnificent Brood Frog,,,,Yes,,,,,,,,,,,,,,Animalia,Amphibia,VU,2026
580,Pseudophryne pengilleyi,Northern Corroboree Frog,Yes,Yes,,,,,,,,,,,,,,,,Animalia,Amphibia,CR,2026
581,Psophodes leucogaster leucogaster,Mallee Whipbird,,,,,Yes,,Yes,,,,,,,,,,,Animalia,Aves,EN,2026
582,Psophodes nigrogularis lashmari,Western Whipbird,,,,,Yes,,,,,,,,,,,,,Animalia,Aves,EN,2026
583,Psophodes nigrogularis nigrogularis,Western Heath Whipbird,,,,,,,,Yes,,,,,,,,,,Animalia,Aves,EN,2026
584,Pterodroma heraldica,Herald Petrel,,Yes,,Yes,,,,,,,,Yes,,Yes,,,Yes,Animalia,Aves,CR,2026
585,Pterodroma leucoptera leucoptera,Gould's Petrel,,Yes,,Yes,Yes,Yes,Yes,,,,,Yes,Yes,Yes,,,Yes,Animalia,Aves,EN,2026
586,Pterodroma mollis,Soft-plumaged Petrel,,,,,Yes,Yes,Yes,Yes,,,,,,,Yes,,Yes,Animalia,Aves,VU,2026
587,Pterodroma neglecta neglecta,Kermadec Petrel,,Yes,,Yes,,,,,,,,Yes,Yes,Yes,,,Yes,Animalia,Aves,VU,2026
588,Pteropus brunneus,Percy Island Flying-fox,,,,Yes,,,,,,,,,,,,,,Animalia,Mammalia,EX,2026
589,Pteropus conspicillatus,Spectacled Flying-fox,,,,Yes,,,,,,,,,,,,,,Animalia,Mammalia,EN,2026
590,Pteropus natalis,Christmas Island Flying-fox,,,,,,,,,,,Yes,,,,,,,Animalia,Mammalia,CR,2026
591,Pteropus poliocephalus,Grey-headed Flying-fox,Yes,Yes,,Yes,Yes,,Yes,,,,,,Yes,,,,,Animalia,Mammalia,VU,2026
592,Pycnoptilus floccosus,Pilotbird,Yes,Yes,,,,,Yes,,,,,,Yes,,,,,Animalia,Aves,VU,2026
593,Quintalia stoddartii,Stoddart's Helicarionid Land Snail,,,,,,,,,,,,,,Yes,,,,Animalia,Gastropoda,CR,2026
594,Ramphotyphlops exocoeti,Christmas Island Blind Snake,,,,,,,,,,,Yes,,,,,,,Animalia,Reptilia,VU,2026
595,Rattus macleari,Maclear's Rat,,,,,,,,,,,Yes,,,,,,,Animalia,Mammalia,EX,2026
596,Rattus nativitatis,Bulldog Rat,,,,,,,,,,,Yes,,,,,,,Animalia,Mammalia,EX,2026
597,Rexea solandri (eastern Australian population),Eastern Gemfish,,Yes,,Yes,,Yes,,,,,,,,,,,Yes,Animalia,Actinopterygii,CD,2026
598,Rheobatrachus silus,Southern Gastric-brooding Frog,,,,Yes,,,,,,,,,,,,,,Animalia,Amphibia,EX,2026
599,Rheobatrachus vitellinus,Northern Gastric-brooding Frog,,,,Yes,,,,,,,,,,,,,,Animalia,Amphibia,EX,2026
600,Rheodytes leukops,Fitzroy River Turtle,,,,Yes,,,,,,,,,,,,,,Animalia,Reptilia,EN,2026
601,Rhincodon typus,Whale Shark,,Yes,Yes,Yes,Yes,Yes,Yes,Yes,Yes,Yes,Yes,Yes,Yes,,,,Yes,Animalia,Chondrichthyes,VU,2026
602,Rhinolophus robertsi,Large-eared Horseshoe Bat,,,,Yes,,,,,,,,,,,,,,Animalia,Mammalia,VU,2026
603,Rhinonicteris aurantia (Pilbara form),Pilbara Leaf-nosed Bat,,,,,,,,Yes,,,,,,,,,,Animalia,Mammalia,VU,2026
604,Rhipidura fuliginosa cervina,Lord Howe Grey Fantail,,Yes,,,,,,,,,,,,,,,,Animalia,Aves,EX,2026
605,Riekoperla darlingtoni,Mount Donna Buang Wingless Stonefly,,,,,,,Yes,,,,,,,,,,,Animalia,Insecta,CR,2026
606,Rostratula australis,Australian Painted Snipe,Yes,Yes,Yes,Yes,Yes,,Yes,Yes,,,,,Yes,,,,,Animalia,Aves,EN,2026
607,Saccolaimus saccolaimus nudicluniatus,Bare-rumped Sheath-tailed Bat,,,Yes,Yes,,,,Yes,,,,,,,,,,Animalia,Mammalia,VU,2026
608,Saltuarius eximius,Cape Melville Leaf-tail Gecko,,,,Yes,,,,,,,,,,,,,,Animalia,Reptilia,CR,2026
609,Saltuarius kateae,Kate's Leaf-tail Gecko,,Yes,,,,,,,,,,,,,,,,Animalia,Reptilia,EN,2026
610,Saltuarius moritzi,New England Leaf-tailed Gecko,,Yes,,,,,,,,,,,,,,,,Animalia,Reptilia,EN,2026
611,Saltuarius wyberba,Granite Belt Leaf-tailed Gecko,,Yes,,Yes,,,,,,,,,,,,,,Animalia,Reptilia,EN,2026
612,Sarcophilus harrisii,Tasmanian Devil,,,,,,Yes,,,,,,,,,,,,Animalia,Mammalia,EN,2026
613,Scaturiginichthys vermeilipinnis,Redfin Blue Eye,,,,Yes,,,,,,,,,,,,,,Animalia,Actinopterygii,EN,2026
614,Semotrachia euzyga,a land snail,,,Yes,,,,,,,,,,,,,,,Animalia,Gastropoda,EN,2026
615,Seriolella brama,Blue Warehou,,Yes,,Yes,Yes,Yes,Yes,Yes,,,,,,,,,Yes,Animalia,Actinopterygii,CD,2026
616,Setonix brachyurus,Quokka,,,,,,,,Yes,,,,,,,,,,Animalia,Mammalia,VU,2026
617,Sinumelon bednalli,Bednall's Land Snail,,,Yes,,,,,,,,,,,,,,,Animalia,Gastropoda,EN,2026
618,Sminthopsis butleri,Butler's Dunnart,,,Yes,,,,,Yes,,,,,,,,,,Animalia,Mammalia,VU,2026
619,Sminthopsis douglasi,Julia Creek Dunnart,,,,Yes,,,,,,,,,,,,,,Animalia,Mammalia,VU,2026
620,Sminthopsis fuliginosa aitkeni,Kangaroo Island Dunnart,,,,,Yes,,,,,,,,,,,,,Animalia,Mammalia,EN,2026
621,Sminthopsis psammophila,Sandhill Dunnart,,,Yes,,Yes,,,Yes,,,,,,,,,,Animalia,Mammalia,EN,2026
622,Sousa sahulensis,Australian Humpback Dolphin,,Yes,Yes,Yes,,,,Yes,,,,,,,,,Yes,Animalia,Mammalia,VU,2026
623,Sphyrna lewini,Scalloped Hammerhead,,Yes,Yes,Yes,,,Yes,Yes,Yes,Yes,Yes,Yes,Yes,Yes,,,Yes,Animalia,Chondrichthyes,CD,2026
624,Spicospina flammocaerulea,Sunset Frog,,,,,,,,Yes,,,,,,,,,,Animalia,Amphibia,VU,2026
625,Stagonopleura bella samueli,Western Beautiful Firetail,,,,,Yes,,,,,,,,,,,,,Animalia,Aves,EN,2026
626,Stagonopleura guttata,Diamond Firetail,Yes,Yes,,Yes,Yes,,Yes,,,,,,Yes,,,,,Animalia,Aves,VU,2026
627,Sterna vittata bethunei,New Zealand Antarctic Tern,,,,,,Yes,,,,,,,,,,,Yes,Animalia,Aves,EN,2026
628,Sterna vittata vittata,Antarctic Tern,,,,,,,,,,,,,,,Yes,Yes,Yes,Animalia,Aves,VU,2026
629,Sternula albifrons,Little Tern,,Yes,Yes,Yes,Yes,Yes,Yes,Yes,Yes,,,,Yes,,,,Yes,Animalia,Aves,VU,2026
630,Sternula nereis nereis,Australian Fairy Tern,,Yes,,,Yes,Yes,Yes,Yes,,,,,Yes,,,,Yes,Animalia,Aves,VU,2026
631,Stiphodon semoni,Opal Cling Goby,,,,Yes,,,,,,,,,,,,,,Animalia,Actinopterygii,CR,2026
632,Stipiturus malachurus halmaturinus,Kangaroo Island Southern Emu-wren,,,,,Yes,,,,,,,,,,,,,Animalia,Aves,EN,2026
633,Stipiturus malachurus intermedius,Fleurieu Peninsula Southern Emu-wren,,,,,Yes,,,,,,,,,,,,,Animalia,Aves,EN,2026
634,Stipiturus malachurus parimeda,Southern Emu-wren,,,,,Yes,,,,,,,,,,,,,Animalia,Aves,EN,2026
635,Stipiturus mallee,Mallee Emu-wren,,,,,Yes,,Yes,,,,,,,,,,,Animalia,Aves,EN,2026
636,Strepera fuliginosa colei,Black Currawong,,,,,,Yes,,,,,,,,,,,,Animalia,Aves,VU,2026
637,Strepera graculina crissalis,Lord Howe Island Currawong,,Yes,,,,,,,,,,,,,,,,Animalia,Aves,VU,2026
638,Strophurus horneri,Arnhem Phasmid Gecko,,,Yes,,,,,,,,,,,,,,,Animalia,Reptilia,VU,2026
639,Strophurus trux,Golden-eyed Gecko,,,,Yes,,,,,,,,,,,,,,Animalia,Reptilia,EN,2026
640,Synemon plana,Golden Sun Moth,Yes,Yes,,,Yes,,Yes,,,,,,,,,,,Animalia,Insecta,VU,2026
641,Tachyglossus aculeatus multiaculeatus,Kangaroo Island Echidna,,,,,Yes,,,,,,,,,,,,,Animalia,Mammalia,EN,2026
642,Taudactylus acutirostris,Sharp-snouted Day Frog,,,,Yes,,,,,,,,,,,,,,Animalia,Amphibia,EX,2026
643,Taudactylus diurnus,Southern Day Frog,,,,Yes,,,,,,,,,,,,,,Animalia,Amphibia,EX,2026
644,Taudactylus eungellensis,Eungella Day Frog,,,,Yes,,,,,,,,,,,,,,Animalia,Amphibia,EN,2026
645,Taudactylus pleione,Kroombit Tinker Frog,,,,Yes,,,,,,,,,,,,,,Animalia,Amphibia,CR,2026
646,Taudactylus rheophilus,Tinkling Frog,,,,Yes,,,,,,,,,,,,,,Animalia,Amphibia,CR,2026
647,Thalassarche bulleri,Buller's Albatross,,Yes,,,Yes,Yes,Yes,,,,,,Yes,Yes,,,Yes,Animalia,Aves,VU,2026
648,Thalassarche bulleri platei,Northern Buller's Albatross,,Yes,,,Yes,Yes,Yes,,,,,,,,,,Yes,Animalia,Aves,VU,2026
649,Thalassarche carteri,Indian Yellow-nosed  Albatross,,,,Yes,Yes,Yes,Yes,Yes,,,,,,,,,Yes,Animalia,Aves,VU,2026
650,Thalassarche cauta,Shy Albatross,,Yes,,Yes,Yes,Yes,Yes,Yes,,,,,Yes,,,,Yes,Animalia,Aves,EN,2026
651,Thalassarche chrysostoma,Grey-headed Albatross,,Yes,,Yes,Yes,Yes,Yes,Yes,,,,,,,Yes,Yes,Yes,Animalia,Aves,EN,2026
652,Thalassarche eremita,Chatham Albatross,,Yes,,,,Yes,Yes,,,,,,Yes,Yes,,,Yes,Animalia,Aves,EN,2026
653,Thalassarche impavida,Campbell Albatross,,Yes,,Yes,Yes,Yes,Yes,Yes,,,,,Yes,Yes,,Yes,Yes,Animalia,Aves,VU,2026
654,Thalassarche melanophris,Black-browed Albatross,,Yes,,Yes,Yes,Yes,Yes,Yes,,,,,Yes,Yes,Yes,Yes,Yes,Animalia,Aves,VU,2026
655,Thalassarche salvini,Salvin's Albatross,,Yes,,Yes,Yes,Yes,Yes,Yes,,,,,Yes,Yes,,,Yes,Animalia,Aves,VU,2026
656,Thalassarche steadi,White-capped Albatross,,Yes,,Yes,Yes,Yes,Yes,Yes,,,,,Yes,Yes,Yes,,Yes,Animalia,Aves,VU,2026
657,Thaumatoperla alpina,Alpine Stonefly,,,,,,,Yes,,,,,,,,,,,Animalia,Insecta,EN,2026
658,Thersites mitchellae,Mitchell's Rainforest Snail,,Yes,,,,,,,,,,,,,,,,Animalia,Gastropoda,CR,2026
659,Thinornis cucullatus cucullatus,Eastern Hooded Plover,,Yes,,,Yes,Yes,Yes,,,,,,Yes,,,,,Animalia,Aves,VU,2026
660,Thylacinus cynocephalus,Thylacine,,,,,,Yes,,,,,,,,,,,,Animalia,Mammalia,EX,2026
661,Thymichthys politus,Red Handfish,,,,,,Yes,,,,,,,,,,,Yes,Animalia,Actinopterygii,CR,2026
662,Tiliqua adelaidensis,Pygmy Blue-tongue Lizard,,,,,Yes,,,,,,,,,,,,,Animalia,Reptilia,EN,2026
663,Tiliqua scincoides intermedia,Northern Blue-tongued Skink,,,Yes,Yes,,,,Yes,,,,,,,,,,Animalia,Reptilia,CR,2026
664,Trichosurus vulpecula arnhemensis,Northern Brushtail Possum,,,Yes,,,,,Yes,,,,,,,,,,Animalia,Mammalia,VU,2026
665,Tringa nebularia,Common Greenshank,Yes,Yes,Yes,Yes,Yes,Yes,Yes,Yes,,,,,,,,,,Animalia,Aves,EN,2026
666,Trioza barrettae,Banksia brownii plant louse,,,,,,,,Yes,,,,,,,,,,Animalia,Insecta,EN,2026
667,Trisyntopa scatophaga,Antbed Parrot Moth,,,,Yes,,,,,,,,,,,,,,Animalia,Insecta,EN,2026
668,Turdus poliocephalus erythropleurus,Christmas Island Thrush,,,,,,,,,,,Yes,,,,,,,Animalia,Aves,EN,2026
669,Turdus poliocephalus poliocephalus,Grey-headed Blackbird,,,,,,,,,,,,,,Yes,,,,Animalia,Aves,EX,2026
670,Turdus poliocephalus vinitinctus,Lord Howe Thrush,,Yes,,,,,,,,,,,,,,,,Animalia,Aves,EX,2026
671,Turnix melanogaster,Black-breasted Button-quail,,Yes,,Yes,,,,,,,,,,,,,,Animalia,Aves,VU,2026
672,Turnix olivii,Buff-breasted Button-quail,,,,Yes,,,,,,,,,,,,,,Animalia,Aves,CR,2026
673,Turnix varius scintillans,Painted Button-quail,,,,,,,,Yes,,,,,,,,,,Animalia,Aves,EN,2026
674,Tympanocryptis condaminensis,Condamine Earless Dragon,,,,Yes,,,,,,,,,,,,,,Animalia,Reptilia,EN,2026
675,Tympanocryptis lineata,Canberra Grassland Earless Dragon,Yes,Yes,,,,,,,,,,,,,,,,Animalia,Reptilia,CR,2026
676,Tympanocryptis mccartneyi,Bathurst Grassland Earless Dragon,,Yes,,,,,,,,,,,,,,,,Animalia,Reptilia,CR,2026
677,Tympanocryptis osbornei,Monaro Grassland Earless Dragon,,Yes,,,,,,,,,,,,,,,,Animalia,Reptilia,EN,2026
678,Tympanocryptis pinguicolla,Victorian Grassland Earless Dragon,,,,,,,Yes,,,,,,,,,,,Animalia,Reptilia,CR,2026
679,Tyto novaehollandiae castanops (Tasmanian population),Masked Owl,,,,,,Yes,,,,,,,,,,,,Animalia,Aves,VU,2026
680,Tyto novaehollandiae kimberli,Masked Owl,,,Yes,Yes,,,,Yes,,,,,,,,,,Animalia,Aves,VU,2026
681,Tyto novaehollandiae melvillensis,Tiwi Masked Owl,,,Yes,,,,,,,,,,,,,,,Animalia,Aves,EN,2026
682,Uperoleia daviesae,Howard River Toadlet,,,Yes,,,,,,,,,,,,,,,Animalia,Amphibia,VU,2026
683,Uperoleia mahonyi,Mahony's Toadlet,,Yes,,,,,,,,,,,,,,,,Animalia,Amphibia,EN,2026
684,Uperoleia martini,Martin's Toadlet,,Yes,,,,,Yes,,,,,,,,,,,Animalia,Amphibia,EN,2026
685,Uvidicolus sphyrurus,Border Thick-tailed Gecko,,Yes,,Yes,,,,,,,,,,,,,,Animalia,Reptilia,VU,2026
686,Varanus mertensi,Mertens' Water Monitor,,,Yes,Yes,,,,Yes,,,,,,,,,,Animalia,Reptilia,EN,2026
687,Varanus mitchelli,Mitchell's Water Monitor,,,Yes,Yes,,,,Yes,,,,,,,,,,Animalia,Reptilia,CR,2026
688,Westralunio carteri,Carter's Freshwater Mussel,,,,,,,,Yes,,,,,,,,,,Animalia,Bivalvia,VU,2026
689,Wollumbinia georgesi,Georges' Snapping Turtle,,Yes,,,,,,,,,,,,,,,,Animalia,Reptilia,CR,2026
690,Xenus cinereus,Terek Sandpiper,,Yes,Yes,Yes,Yes,Yes,Yes,Yes,,,,,,,,,,Animalia,Aves,VU,2026
691,Xeromys myoides,Water Mouse,,Yes,Yes,Yes,,,,Yes,,,,,,,,,,Animalia,Mammalia,VU,2026
692,Zearaja maugeana,Maugean Skate,,,,,,Yes,,,,,,,,,,,,Animalia,Chondrichthyes,EN,2026
693,Zephyrarchaea austini,Kangaroo Island Assassin Spider,,,,,Yes,,,,,,,,,,,,,Animalia,Arachnida,CR,2026
694,Zoothera lunulata halmaturina,South Australian Bassian Thrush,,,,,Yes,,,,,,,,,,,,,Animalia,Aves,EN,2026
695,Zosterops albogularis,White-chested White-eye,,,,,,,,,,,,,,Yes,,,,Animalia,Aves,EX,2026
696,Zosterops strenuus,Robust White-eye,,Yes,,,,,,,,,,,,,,,,Animalia,Aves,EX,2026
697,Zyzomys maini,Arnhem Rock-rat,,,Yes,,,,,,,,,,,,,,,Animalia,Mammalia,VU,2026
698,Zyzomys palatalis,Carpentarian Rock-rat,,,Yes,,,,,,,,,,,,,,,Animalia,Mammalia,EN,2026
699,Zyzomys pedunculatus,Central Rock-rat,,,Yes,,,,,Yes,,,,,,,,,,Animalia,Mammalia,CR,2026
